USE YilmazLeagueDb;
GO

IF COL_LENGTH('dbo.Matches', 'WeekNumber') IS NULL
BEGIN
    ALTER TABLE dbo.Matches ADD WeekNumber int NOT NULL CONSTRAINT DF_Matches_WeekNumber DEFAULT(1);
END
GO
IF COL_LENGTH('dbo.Matches', 'LiveMinute') IS NULL
BEGIN
    ALTER TABLE dbo.Matches ADD LiveMinute int NULL;
END
GO
-- LaLiga demo seed data
-- 20 takim, genis oyuncu havuzu, 4 sezon, 2026-2027 Arda Guler gol krali senaryosu.

DELETE FROM MatchEvents;
DELETE FROM Players;
DELETE FROM Matches;
DELETE FROM Teams;
DELETE FROM [Season];
GO

SET IDENTITY_INSERT [Season] ON;
INSERT INTO [Season] (SeasonId, Name, StartYear, EndYear, IsActive) VALUES
(1, '2023-2024', 2023, 2024, 0),
(2, '2024-2025', 2024, 2025, 0),
(3, '2025-2026', 2025, 2026, 0),
(4, '2026-2027', 2026, 2027, 1);
SET IDENTITY_INSERT [Season] OFF;
GO

SET IDENTITY_INSERT Teams ON;
INSERT INTO Teams (TeamId, Name, LogoUrl) VALUES
(1, 'Real Madrid', 'https://upload.wikimedia.org/wikipedia/en/5/56/Real_Madrid_CF.svg'),
(2, 'Barcelona', 'https://upload.wikimedia.org/wikipedia/en/4/47/FC_Barcelona_%28crest%29.svg'),
(3, 'Atletico Madrid', 'https://upload.wikimedia.org/wikipedia/en/f/f4/Atletico_Madrid_2017_logo.svg'),
(4, 'Athletic Bilbao', 'https://upload.wikimedia.org/wikipedia/en/9/98/Club_Athletic_Bilbao_logo.svg'),
(5, 'Real Sociedad', 'https://upload.wikimedia.org/wikipedia/en/f/f1/Real_Sociedad_logo.svg'),
(6, 'Villarreal', 'https://upload.wikimedia.org/wikipedia/en/7/70/Villarreal_CF_logo.svg'),
(7, 'Real Betis', 'https://upload.wikimedia.org/wikipedia/en/1/13/Real_betis_logo.svg'),
(8, 'Sevilla', 'https://upload.wikimedia.org/wikipedia/en/3/3b/Sevilla_FC_logo.svg'),
(9, 'Valencia', 'https://upload.wikimedia.org/wikipedia/en/c/ce/Valenciacf.svg'),
(10, 'Celta Vigo', 'https://upload.wikimedia.org/wikipedia/en/1/12/RC_Celta_de_Vigo_logo.svg'),
(11, 'Getafe', 'https://upload.wikimedia.org/wikipedia/en/4/46/Getafe_CF_logo.svg'),
(12, 'Osasuna', 'https://upload.wikimedia.org/wikipedia/en/5/5e/CA_Osasuna_logo.svg'),
(13, 'Mallorca', 'https://upload.wikimedia.org/wikipedia/en/e/e0/RCD_Mallorca_logo.svg'),
(14, 'Girona', 'https://upload.wikimedia.org/wikipedia/en/f/f7/Girona_FC_Logo.svg'),
(15, 'Rayo Vallecano', 'https://upload.wikimedia.org/wikipedia/en/1/13/Rayo_Vallecano_logo.svg'),
(16, 'Espanyol', 'https://upload.wikimedia.org/wikipedia/en/d/d6/Rcd_espanyol_logo.svg'),
(17, 'Deportivo Alaves', 'https://upload.wikimedia.org/wikipedia/en/f/f8/Deportivo_Alaves_logo.svg'),
(18, 'Las Palmas', 'https://upload.wikimedia.org/wikipedia/en/2/20/UD_Las_Palmas_logo.svg'),
(19, 'Levante', 'https://upload.wikimedia.org/wikipedia/en/6/69/Levante_UD_logo.svg'),
(20, 'Real Oviedo', 'https://upload.wikimedia.org/wikipedia/en/9/90/Real_Oviedo_logo.svg');
SET IDENTITY_INSERT Teams OFF;
GO

SET IDENTITY_INSERT Players ON;
INSERT INTO Players (PlayerId, Name, TeamId) VALUES
-- Real Madrid
(1, 'Thibaut Courtois', 1),(2, 'Dani Carvajal', 1),(3, 'Antonio Rudiger', 1),(4, 'Eder Militao', 1),(5, 'Federico Valverde', 1),(6, 'Aurelien Tchouameni', 1),(7, 'Jude Bellingham', 1),(8, 'Vinicius Junior', 1),(9, 'Kylian Mbappe', 1),(10, 'Rodrygo', 1),(11, 'Arda Guler', 1),(12, 'Endrick', 1),
-- Barcelona
(13, 'Marc-Andre ter Stegen', 2),(14, 'Jules Kounde', 2),(15, 'Ronald Araujo', 2),(16, 'Pau Cubarsi', 2),(17, 'Alejandro Balde', 2),(18, 'Frenkie de Jong', 2),(19, 'Pedri', 2),(20, 'Gavi', 2),(21, 'Dani Olmo', 2),(22, 'Lamine Yamal', 2),(23, 'Raphinha', 2),(24, 'Robert Lewandowski', 2),
-- Atletico Madrid
(25, 'Jan Oblak', 3),(26, 'Jose Maria Gimenez', 3),(27, 'Clement Lenglet', 3),(28, 'Nahuel Molina', 3),(29, 'Marcos Llorente', 3),(30, 'Koke', 3),(31, 'Rodrigo De Paul', 3),(32, 'Pablo Barrios', 3),(33, 'Antoine Griezmann', 3),(34, 'Julian Alvarez', 3),(35, 'Alexander Sorloth', 3),(36, 'Angel Correa', 3),
-- Athletic Bilbao
(37, 'Unai Simon', 4),(38, 'Oscar de Marcos', 4),(39, 'Dani Vivian', 4),(40, 'Aitor Paredes', 4),(41, 'Yuri Berchiche', 4),(42, 'Mikel Vesga', 4),(43, 'Oihan Sancet', 4),(44, 'Inaki Williams', 4),(45, 'Nico Williams', 4),(46, 'Gorka Guruzeta', 4),
-- Real Sociedad
(47, 'Alex Remiro', 5),(48, 'Hamari Traore', 5),(49, 'Igor Zubeldia', 5),(50, 'Robin Le Normand', 5),(51, 'Aihen Munoz', 5),(52, 'Martin Zubimendi', 5),(53, 'Brais Mendez', 5),(54, 'Mikel Oyarzabal', 5),(55, 'Takefusa Kubo', 5),(56, 'Umar Sadiq', 5),
-- Villarreal
(57, 'Filip Jorgensen', 6),(58, 'Juan Foyth', 6),(59, 'Raul Albiol', 6),(60, 'Eric Bailly', 6),(61, 'Alberto Moreno', 6),(62, 'Dani Parejo', 6),(63, 'Alex Baena', 6),(64, 'Santi Comesana', 6),(65, 'Gerard Moreno', 6),(66, 'Yeremy Pino', 6),
-- Real Betis
(67, 'Rui Silva', 7),(68, 'Hector Bellerin', 7),(69, 'Marc Bartra', 7),(70, 'German Pezzella', 7),(71, 'Ricardo Rodriguez', 7),(72, 'Johnny Cardoso', 7),(73, 'Guido Rodriguez', 7),(74, 'Isco', 7),(75, 'Ayoze Perez', 7),(76, 'Vitor Roque', 7),
-- Sevilla
(77, 'Orjan Nyland', 8),(78, 'Jesus Navas', 8),(79, 'Loic Bade', 8),(80, 'Nemanja Gudelj', 8),(81, 'Marcos Acuna', 8),(82, 'Djibril Sow', 8),(83, 'Suso', 8),(84, 'Dodi Lukebakio', 8),(85, 'Lucas Ocampos', 8),(86, 'Youssef En-Nesyri', 8),
-- Valencia
(87, 'Giorgi Mamardashvili', 9),(88, 'Thierry Correia', 9),(89, 'Cristhian Mosquera', 9),(90, 'Mouctar Diakhaby', 9),(91, 'Jose Gaya', 9),(92, 'Pepelu', 9),(93, 'Javi Guerra', 9),(94, 'Andre Almeida', 9),(95, 'Diego Lopez', 9),(96, 'Hugo Duro', 9),
-- Celta Vigo
(97, 'Vicente Guaita', 10),(98, 'Oscar Mingueza', 10),(99, 'Carl Starfelt', 10),(100, 'Unai Nunez', 10),(101, 'Manu Sanchez', 10),(102, 'Fran Beltran', 10),(103, 'Ilaix Moriba', 10),(104, 'Iago Aspas', 10),(105, 'Jonathan Bamba', 10),(106, 'Borja Iglesias', 10),
-- Getafe
(107, 'David Soria', 11),(108, 'Djene Dakonam', 11),(109, 'Domingos Duarte', 11),(110, 'Omar Alderete', 11),(111, 'Diego Rico', 11),(112, 'Luis Milla', 11),(113, 'Mauro Arambarri', 11),(114, 'Carles Alena', 11),(115, 'Borja Mayoral', 11),(116, 'Mason Greenwood', 11),
-- Osasuna
(117, 'Sergio Herrera', 12),(118, 'Jesus Areso', 12),(119, 'David Garcia', 12),(120, 'Alejandro Catena', 12),(121, 'Juan Cruz', 12),(122, 'Lucas Torro', 12),(123, 'Aimar Oroz', 12),(124, 'Ruben Garcia', 12),(125, 'Ante Budimir', 12),(126, 'Chimy Avila', 12),
-- Mallorca
(127, 'Predrag Rajkovic', 13),(128, 'Pablo Maffeo', 13),(129, 'Martin Valjent', 13),(130, 'Antonio Raillo', 13),(131, 'Jaume Costa', 13),(132, 'Samu Costa', 13),(133, 'Dani Rodriguez', 13),(134, 'Sergi Darder', 13),(135, 'Vedat Muriqi', 13),(136, 'Cyle Larin', 13),
-- Girona
(137, 'Paulo Gazzaniga', 14),(138, 'Arnau Martinez', 14),(139, 'David Lopez', 14),(140, 'Daley Blind', 14),(141, 'Miguel Gutierrez', 14),(142, 'Yangel Herrera', 14),(143, 'Aleix Garcia', 14),(144, 'Ivan Martin', 14),(145, 'Viktor Tsygankov', 14),(146, 'Cristhian Stuani', 14),
-- Rayo Vallecano
(147, 'Stole Dimitrievski', 15),(148, 'Andrei Ratiu', 15),(149, 'Florian Lejeune', 15),(150, 'Abdul Mumin', 15),(151, 'Pep Chavarria', 15),(152, 'Oscar Valentin', 15),(153, 'Isi Palazon', 15),(154, 'Alvaro Garcia', 15),(155, 'Raul de Tomas', 15),(156, 'Sergio Camello', 15),
-- Espanyol
(157, 'Joan Garcia', 16),(158, 'Omar El Hilali', 16),(159, 'Leandro Cabrera', 16),(160, 'Fernando Calero', 16),(161, 'Carlos Romero', 16),(162, 'Pol Lozano', 16),(163, 'Javi Puado', 16),(164, 'Edu Exposito', 16),(165, 'Pere Milla', 16),(166, 'Martin Braithwaite', 16),
-- Deportivo Alaves
(167, 'Antonio Sivera', 17),(168, 'Andoni Gorosabel', 17),(169, 'Abdel Abqar', 17),(170, 'Rafa Marin', 17),(171, 'Javi Lopez', 17),(172, 'Antonio Blanco', 17),(173, 'Guevara', 17),(174, 'Carlos Vicente', 17),(175, 'Luis Rioja', 17),(176, 'Kike Garcia', 17),
-- Las Palmas
(177, 'Alvaro Valles', 18),(178, 'Alex Suarez', 18),(179, 'Saul Coco', 18),(180, 'Mika Marmol', 18),(181, 'Sergi Cardona', 18),(182, 'Kirian Rodriguez', 18),(183, 'Enzo Loiodice', 18),(184, 'Jonathan Viera', 18),(185, 'Munir El Haddadi', 18),(186, 'Sandro Ramirez', 18),
-- Levante
(187, 'Andres Fernandez', 19),(188, 'Andres Garcia', 19),(189, 'Adrian de la Fuente', 19),(190, 'Sergio Postigo', 19),(191, 'Carlos Alvarez', 19),(192, 'Pablo Martinez', 19),(193, 'Oriol Rey', 19),(194, 'Jose Luis Morales', 19),(195, 'Roger Brugue', 19),(196, 'Ivan Romero', 19),
-- Real Oviedo
(197, 'Leo Roman', 20),(198, 'Oier Luengo', 20),(199, 'Dani Calvo', 20),(200, 'David Costas', 20),(201, 'Abel Bretones', 20),(202, 'Santi Cazorla', 20),(203, 'Jaime Seoane', 20),(204, 'Sebas Moyano', 20),(205, 'Borja Baston', 20),(206, 'Alemao', 20);
SET IDENTITY_INSERT Players OFF;
GO

SET IDENTITY_INSERT Matches ON;
INSERT INTO Matches (LeagueMatchId, HomeTeamId, AwayTeamId, MatchDate, HomeScore, AwayScore, Status, SeasonId, WeekNumber) VALUES
(1,1,20,'2026-08-15T16:00:00',1,0,N'Tamamlandı',4,1),
(2,2,19,'2026-08-15T18:00:00',3,2,N'Tamamlandı',4,1),
(3,3,18,'2026-08-15T20:00:00',0,1,N'Tamamlandı',4,1),
(4,4,17,'2026-08-15T21:00:00',3,0,N'Tamamlandı',4,1),
(5,5,16,'2026-08-16T22:00:00',0,2,N'Tamamlandı',4,1),
(6,6,15,'2026-08-16T17:00:00',3,1,N'Tamamlandı',4,1),
(7,7,14,'2026-08-16T19:00:00',0,0,N'Tamamlandı',4,1),
(8,8,13,'2026-08-16T20:00:00',2,2,N'Tamamlandı',4,1),
(9,9,12,'2026-08-17T21:00:00',0,1,N'Tamamlandı',4,1),
(10,10,11,'2026-08-17T22:00:00',2,0,N'Tamamlandı',4,1),
(11,19,1,'2026-08-22T16:00:00',0,3,N'Tamamlandı',4,2),
(12,18,20,'2026-08-22T18:00:00',0,0,N'Tamamlandı',4,2),
(13,17,2,'2026-08-22T20:00:00',3,2,N'Tamamlandı',4,2),
(14,16,3,'2026-08-22T21:00:00',1,1,N'Tamamlandı',4,2),
(15,15,4,'2026-08-23T22:00:00',3,1,N'Tamamlandı',4,2),
(16,14,5,'2026-08-23T17:00:00',1,3,N'Tamamlandı',4,2),
(17,13,6,'2026-08-23T19:00:00',3,0,N'Tamamlandı',4,2),
(18,12,7,'2026-08-23T20:00:00',1,1,N'Tamamlandı',4,2),
(19,11,8,'2026-08-24T21:00:00',3,2,N'Tamamlandı',4,2),
(20,10,9,'2026-08-24T22:00:00',1,0,N'Tamamlandı',4,2),
(21,1,18,'2026-08-29T16:00:00',1,1,N'Tamamlandı',4,3),
(22,19,17,'2026-08-29T18:00:00',1,2,N'Tamamlandı',4,3),
(23,20,16,'2026-08-29T20:00:00',3,1,N'Tamamlandı',4,3),
(24,2,15,'2026-08-29T21:00:00',1,2,N'Tamamlandı',4,3),
(25,3,14,'2026-08-30T22:00:00',2,1,N'Tamamlandı',4,3),
(26,4,13,'2026-08-30T17:00:00',1,0,N'Tamamlandı',4,3),
(27,5,12,'2026-08-30T19:00:00',2,2,N'Tamamlandı',4,3),
(28,6,11,'2026-08-30T20:00:00',1,1,N'Tamamlandı',4,3),
(29,7,10,'2026-08-31T21:00:00',2,0,N'Tamamlandı',4,3),
(30,8,9,'2026-08-31T22:00:00',0,2,N'Tamamlandı',4,3),
(31,17,1,'2026-09-05T16:00:00',0,3,N'Tamamlandı',4,4),
(32,16,18,'2026-09-05T18:00:00',2,2,N'Tamamlandı',4,4),
(33,15,19,'2026-09-05T20:00:00',0,0,N'Tamamlandı',4,4),
(34,14,20,'2026-09-05T21:00:00',2,1,N'Tamamlandı',4,4),
(35,13,2,'2026-09-06T22:00:00',1,0,N'Tamamlandı',4,4),
(36,12,3,'2026-09-06T17:00:00',3,2,N'Tamamlandı',4,4),
(37,11,4,'2026-09-06T19:00:00',1,2,N'Tamamlandı',4,4),
(38,10,5,'2026-09-06T20:00:00',3,1,N'Tamamlandı',4,4),
(39,9,6,'2026-09-07T21:00:00',1,1,N'Tamamlandı',4,4),
(40,8,7,'2026-09-07T22:00:00',3,2,N'Tamamlandı',4,4),
(41,1,16,'2026-09-12T16:00:00',1,2,N'Tamamlandı',4,5),
(42,17,15,'2026-09-12T18:00:00',3,1,N'Tamamlandı',4,5),
(43,18,14,'2026-09-12T20:00:00',1,0,N'Tamamlandı',4,5),
(44,19,13,'2026-09-12T21:00:00',3,2,N'Tamamlandı',4,5),
(45,20,12,'2026-09-13T22:00:00',1,1,N'Tamamlandı',4,5),
(46,2,11,'2026-09-13T17:00:00',3,2,N'Tamamlandı',4,5),
(47,3,10,'2026-09-13T19:00:00',0,1,N'Tamamlandı',4,5),
(48,4,9,'2026-09-13T20:00:00',3,0,N'Tamamlandı',4,5),
(49,5,8,'2026-09-14T21:00:00',0,2,N'Tamamlandı',4,5),
(50,6,7,'2026-09-14T22:00:00',3,1,N'Tamamlandı',4,5),
(51,15,1,'2026-09-19T16:00:00',0,3,N'Tamamlandı',4,6),
(52,14,16,'2026-09-19T18:00:00',0,1,N'Tamamlandı',4,6),
(53,13,17,'2026-09-19T20:00:00',2,2,N'Tamamlandı',4,6),
(54,12,18,'2026-09-19T21:00:00',0,0,N'Tamamlandı',4,6),
(55,11,19,'2026-09-20T22:00:00',2,1,N'Tamamlandı',4,6),
(56,10,20,'2026-09-20T17:00:00',0,2,N'Tamamlandı',4,6),
(57,9,2,'2026-09-20T19:00:00',3,1,N'Tamamlandı',4,6),
(58,8,3,'2026-09-20T20:00:00',1,3,N'Tamamlandı',4,6),
(59,7,4,'2026-09-21T21:00:00',3,0,N'Tamamlandı',4,6),
(60,6,5,'2026-09-21T22:00:00',1,2,N'Tamamlandı',4,6),
(61,1,14,'2026-09-26T16:00:00',1,0,N'Tamamlandı',4,7),
(62,15,13,'2026-09-26T18:00:00',1,0,N'Tamamlandı',4,7),
(63,16,12,'2026-09-26T20:00:00',3,2,N'Tamamlandı',4,7),
(64,17,11,'2026-09-26T21:00:00',1,1,N'Tamamlandı',4,7),
(65,18,10,'2026-09-27T22:00:00',3,0,N'Tamamlandı',4,7),
(66,19,9,'2026-09-27T17:00:00',1,2,N'Tamamlandı',4,7),
(67,20,8,'2026-09-27T19:00:00',3,1,N'Tamamlandı',4,7),
(68,2,7,'2026-09-27T20:00:00',1,2,N'Tamamlandı',4,7),
(69,3,6,'2026-09-28T21:00:00',2,2,N'Tamamlandı',4,7),
(70,4,5,'2026-09-28T22:00:00',1,0,N'Tamamlandı',4,7),
(71,13,1,'2026-10-03T16:00:00',0,3,N'Tamamlandı',4,8),
(72,12,14,'2026-10-03T18:00:00',2,0,N'Tamamlandı',4,8),
(73,11,15,'2026-10-03T20:00:00',0,1,N'Tamamlandı',4,8),
(74,10,16,'2026-10-03T21:00:00',2,2,N'Tamamlandı',4,8),
(75,9,17,'2026-10-04T22:00:00',0,0,N'Tamamlandı',4,8),
(76,8,18,'2026-10-04T17:00:00',2,1,N'Tamamlandı',4,8),
(77,7,19,'2026-10-04T19:00:00',0,2,N'Tamamlandı',4,8),
(78,6,20,'2026-10-04T20:00:00',2,0,N'Tamamlandı',4,8),
(79,5,2,'2026-10-05T21:00:00',2,2,N'Tamamlandı',4,8),
(80,4,3,'2026-10-05T22:00:00',3,1,N'Tamamlandı',4,8),
(81,1,12,'2026-10-10T16:00:00',1,1,N'Tamamlandı',4,9),
(82,13,11,'2026-10-10T18:00:00',3,2,N'Tamamlandı',4,9),
(83,14,10,'2026-10-10T20:00:00',1,1,N'Tamamlandı',4,9),
(84,15,9,'2026-10-10T21:00:00',3,0,N'Tamamlandı',4,9),
(85,16,8,'2026-10-11T22:00:00',1,2,N'Tamamlandı',4,9),
(86,17,7,'2026-10-11T17:00:00',3,1,N'Tamamlandı',4,9),
(87,18,6,'2026-10-11T19:00:00',1,1,N'Tamamlandı',4,9),
(88,19,5,'2026-10-11T20:00:00',3,2,N'Tamamlandı',4,9),
(89,20,4,'2026-10-12T21:00:00',1,2,N'Tamamlandı',4,9),
(90,2,3,'2026-10-12T22:00:00',3,2,N'Tamamlandı',4,9),
(91,11,1,'2026-10-17T16:00:00',0,3,N'Tamamlandı',4,10),
(92,10,12,'2026-10-17T18:00:00',0,2,N'Tamamlandı',4,10),
(93,9,13,'2026-10-17T20:00:00',2,0,N'Tamamlandı',4,10),
(94,8,14,'2026-10-17T21:00:00',0,1,N'Tamamlandı',4,10),
(95,7,15,'2026-10-18T22:00:00',2,2,N'Tamamlandı',4,10),
(96,6,16,'2026-10-18T17:00:00',0,0,N'Tamamlandı',4,10),
(97,5,17,'2026-10-18T19:00:00',3,1,N'Tamamlandı',4,10),
(98,4,18,'2026-10-18T20:00:00',0,2,N'Tamamlandı',4,10),
(99,3,19,'2026-10-19T21:00:00',3,0,N'Tamamlandı',4,10),
(100,2,20,'2026-10-19T22:00:00',0,1,N'Tamamlandı',4,10),
(101,1,10,'2026-10-24T16:00:00',1,2,N'Tamamlandı',4,11),
(102,11,9,'2026-10-24T18:00:00',1,1,N'Tamamlandı',4,11),
(103,12,8,'2026-10-24T20:00:00',3,0,N'Tamamlandı',4,11),
(104,13,7,'2026-10-24T21:00:00',1,2,N'Tamamlandı',4,11),
(105,14,6,'2026-10-25T22:00:00',3,2,N'Tamamlandı',4,11),
(106,15,5,'2026-10-25T17:00:00',1,0,N'Tamamlandı',4,11),
(107,16,4,'2026-10-25T19:00:00',3,3,N'Tamamlandı',4,11),
(108,17,3,'2026-10-25T20:00:00',1,1,N'Tamamlandı',4,11),
(109,18,2,'2026-10-26T21:00:00',3,1,N'Tamamlandı',4,11),
(110,19,20,'2026-10-26T22:00:00',0,1,N'Tamamlandı',4,11),
(111,9,1,'2026-10-31T16:00:00',0,3,N'Tamamlandı',4,12),
(112,8,10,'2026-10-31T18:00:00',2,1,N'Tamamlandı',4,12),
(113,7,11,'2026-10-31T20:00:00',0,2,N'Tamamlandı',4,12),
(114,6,12,'2026-10-31T21:00:00',2,0,N'Tamamlandı',4,12),
(115,5,13,'2026-11-01T22:00:00',1,1,N'Tamamlandı',4,12),
(116,4,14,'2026-11-01T17:00:00',2,2,N'Tamamlandı',4,12),
(117,3,15,'2026-11-01T19:00:00',1,0,N'Tamamlandı',4,12),
(118,2,16,'2026-11-01T20:00:00',2,1,N'Tamamlandı',4,12),
(119,20,17,'2026-11-02T21:00:00',1,0,N'Tamamlandı',4,12),
(120,19,18,'2026-11-02T22:00:00',3,1,N'Tamamlandı',4,12),
(121,1,8,'2026-11-07T16:00:00',1,0,N'Tamamlandı',4,13),
(122,9,7,'2026-11-07T18:00:00',3,0,N'Tamamlandı',4,13),
(123,10,6,'2026-11-07T20:00:00',1,3,N'Tamamlandı',4,13),
(124,11,5,'2026-11-07T21:00:00',3,1,N'Tamamlandı',4,13),
(125,12,4,'2026-11-08T22:00:00',1,1,N'Tamamlandı',4,13),
(126,13,3,'2026-11-08T17:00:00',3,2,N'Tamamlandı',4,13),
(127,14,2,'2026-11-08T19:00:00',1,2,N'Tamamlandı',4,13),
(128,15,20,'2026-11-08T20:00:00',2,2,N'Tamamlandı',4,13),
(129,16,19,'2026-11-09T21:00:00',0,1,N'Tamamlandı',4,13),
(130,17,18,'2026-11-09T22:00:00',2,0,N'Tamamlandı',4,13),
(131,7,1,'2026-11-14T16:00:00',0,3,N'Tamamlandı',4,14),
(132,6,8,'2026-11-14T18:00:00',0,0,N'Tamamlandı',4,14),
(133,5,9,'2026-11-14T20:00:00',3,1,N'Tamamlandı',4,14),
(134,4,10,'2026-11-14T21:00:00',0,2,N'Tamamlandı',4,14),
(135,3,11,'2026-11-15T22:00:00',3,0,N'Tamamlandı',4,14),
(136,2,12,'2026-11-15T17:00:00',0,1,N'Tamamlandı',4,14),
(137,20,13,'2026-11-15T19:00:00',3,0,N'Tamamlandı',4,14),
(138,19,14,'2026-11-15T20:00:00',1,1,N'Tamamlandı',4,14),
(139,18,15,'2026-11-16T21:00:00',3,2,N'Tamamlandı',4,14),
(140,17,16,'2026-11-16T22:00:00',1,0,N'Tamamlandı',4,14),
(141,1,6,'2026-11-21T16:00:00',1,2,N'Tamamlandı',4,15),
(142,7,5,'2026-11-21T18:00:00',1,2,N'Tamamlandı',4,15),
(143,8,4,'2026-11-21T20:00:00',3,2,N'Tamamlandı',4,15),
(144,9,3,'2026-11-21T21:00:00',1,0,N'Tamamlandı',4,15),
(145,10,2,'2026-11-22T22:00:00',3,3,N'Tamamlandı',4,15),
(146,11,20,'2026-11-22T17:00:00',0,0,N'Tamamlandı',4,15),
(147,12,19,'2026-11-22T19:00:00',2,2,N'Tamamlandı',4,15),
(148,13,18,'2026-11-22T20:00:00',0,1,N'Tamamlandı',4,15),
(149,14,17,'2026-11-23T21:00:00',2,0,N'Tamamlandı',4,15),
(150,15,16,'2026-11-23T22:00:00',0,2,N'Tamamlandı',4,15),
(151,5,1,'2026-11-28T16:00:00',1,3,N'Tamamlandı',4,16),
(152,4,6,'2026-11-28T18:00:00',2,2,N'Tamamlandı',4,16),
(153,3,7,'2026-11-28T20:00:00',1,0,N'Tamamlandı',4,16),
(154,2,8,'2026-11-28T21:00:00',2,1,N'Tamamlandı',4,16),
(155,20,9,'2026-11-29T22:00:00',1,0,N'Tamamlandı',4,16),
(156,19,10,'2026-11-29T17:00:00',3,1,N'Tamamlandı',4,16),
(157,18,11,'2026-11-29T19:00:00',1,2,N'Tamamlandı',4,16),
(158,17,12,'2026-11-29T20:00:00',3,0,N'Tamamlandı',4,16),
(159,16,13,'2026-11-30T21:00:00',1,1,N'Tamamlandı',4,16),
(160,15,14,'2026-11-30T22:00:00',3,2,N'Tamamlandı',4,16),
(161,1,4,'2026-12-05T16:00:00',1,3,N'Tamamlandı',4,17),
(162,5,3,'2026-12-05T18:00:00',3,1,N'Tamamlandı',4,17),
(163,6,2,'2026-12-05T20:00:00',2,1,N'Tamamlandı',4,17),
(164,7,20,'2026-12-05T21:00:00',2,1,N'Tamamlandı',4,17),
(165,8,19,'2026-12-06T22:00:00',0,0,N'Tamamlandı',4,17),
(166,9,18,'2026-12-06T17:00:00',2,2,N'Tamamlandı',4,17),
(167,10,17,'2026-12-06T19:00:00',0,1,N'Tamamlandı',4,17),
(168,11,16,'2026-12-06T20:00:00',2,0,N'Tamamlandı',4,17),
(169,12,15,'2026-12-07T21:00:00',0,2,N'Tamamlandı',4,17),
(170,13,14,'2026-12-07T22:00:00',2,1,N'Tamamlandı',4,17),
(171,3,1,'2026-12-12T16:00:00',1,3,N'Tamamlandı',4,18),
(172,2,4,'2026-12-12T18:00:00',0,1,N'Tamamlandı',4,18),
(173,20,5,'2026-12-12T20:00:00',3,1,N'Tamamlandı',4,18),
(174,19,6,'2026-12-12T21:00:00',1,1,N'Tamamlandı',4,18),
(175,18,7,'2026-12-13T22:00:00',3,2,N'Tamamlandı',4,18),
(176,17,8,'2026-12-13T17:00:00',1,0,N'Tamamlandı',4,18),
(177,16,9,'2026-12-13T19:00:00',3,1,N'Tamamlandı',4,18),
(178,15,10,'2026-12-13T20:00:00',1,2,N'Tamamlandı',4,18),
(179,14,11,'2026-12-14T21:00:00',3,0,N'Tamamlandı',4,18),
(180,13,12,'2026-12-14T22:00:00',1,1,N'Tamamlandı',4,18),
(181,1,2,'2026-12-19T16:00:00',1,1,N'Tamamlandı',4,19),
(182,3,20,'2026-12-19T18:00:00',0,2,N'Tamamlandı',4,19),
(183,4,19,'2026-12-19T20:00:00',3,1,N'Tamamlandı',4,19),
(184,5,18,'2026-12-19T21:00:00',0,0,N'Tamamlandı',4,19),
(185,6,17,'2026-12-20T22:00:00',3,2,N'Tamamlandı',4,19),
(186,7,16,'2026-12-20T17:00:00',0,1,N'Tamamlandı',4,19),
(187,8,15,'2026-12-20T19:00:00',2,0,N'Tamamlandı',4,19),
(188,9,14,'2026-12-20T20:00:00',0,2,N'Tamamlandı',4,19),
(189,10,13,'2026-12-21T21:00:00',2,1,N'Tamamlandı',4,19),
(190,11,12,'2026-12-21T22:00:00',0,0,N'Tamamlandı',4,19),
(191,20,1,'2026-12-26T16:00:00',1,1,N'Tamamlandı',4,20),
(192,19,2,'2026-12-26T18:00:00',3,1,N'Tamamlandı',4,20),
(193,18,3,'2026-12-26T20:00:00',1,3,N'Tamamlandı',4,20),
(194,17,4,'2026-12-26T21:00:00',3,0,N'Tamamlandı',4,20),
(195,16,5,'2026-12-27T22:00:00',1,2,N'Tamamlandı',4,20),
(196,15,6,'2026-12-27T17:00:00',3,2,N'Tamamlandı',4,20),
(197,14,7,'2026-12-27T19:00:00',1,0,N'Tamamlandı',4,20),
(198,13,8,'2026-12-27T20:00:00',3,1,N'Tamamlandı',4,20),
(199,12,9,'2026-12-28T21:00:00',1,2,N'Tamamlandı',4,20),
(200,11,10,'2026-12-28T22:00:00',3,0,N'Tamamlandı',4,20),
(201,1,19,'2027-01-02T16:00:00',4,0,N'Tamamlandı',4,21),
(202,20,18,'2027-01-02T18:00:00',3,2,N'Tamamlandı',4,21),
(203,2,17,'2027-01-02T20:00:00',1,0,N'Tamamlandı',4,21),
(204,3,16,'2027-01-02T21:00:00',2,2,N'Tamamlandı',4,21),
(205,4,15,'2027-01-03T22:00:00',1,1,N'Tamamlandı',4,21),
(206,5,14,'2027-01-03T17:00:00',2,0,N'Tamamlandı',4,21),
(207,6,13,'2027-01-03T19:00:00',1,2,N'Tamamlandı',4,21),
(208,7,12,'2027-01-03T20:00:00',2,1,N'Tamamlandı',4,21),
(209,8,11,'2027-01-04T21:00:00',0,0,N'Tamamlandı',4,21),
(210,9,10,'2027-01-04T22:00:00',2,2,N'Tamamlandı',4,21),
(211,18,1,'2027-01-09T16:00:00',1,1,N'Tamamlandı',4,22),
(212,17,19,'2027-01-09T18:00:00',0,2,N'Tamamlandı',4,22),
(213,16,20,'2027-01-09T20:00:00',2,0,N'Tamamlandı',4,22),
(214,15,2,'2027-01-09T21:00:00',1,2,N'Tamamlandı',4,22),
(215,14,3,'2027-01-10T22:00:00',3,1,N'Tamamlandı',4,22),
(216,13,4,'2027-01-10T17:00:00',1,1,N'Tamamlandı',4,22),
(217,12,5,'2027-01-10T19:00:00',3,3,N'Tamamlandı',4,22),
(218,11,6,'2027-01-10T20:00:00',1,0,N'Tamamlandı',4,22),
(219,10,7,'2027-01-11T21:00:00',3,1,N'Tamamlandı',4,22),
(220,9,8,'2027-01-11T22:00:00',1,2,N'Tamamlandı',4,22),
(221,1,17,'2027-01-16T16:00:00',4,1,N'Tamamlandı',4,23),
(222,18,16,'2027-01-16T18:00:00',1,1,N'Tamamlandı',4,23),
(223,19,15,'2027-01-16T20:00:00',3,0,N'Tamamlandı',4,23),
(224,20,14,'2027-01-16T21:00:00',1,2,N'Tamamlandı',4,23),
(225,2,13,'2027-01-17T22:00:00',3,0,N'Tamamlandı',4,23),
(226,3,12,'2027-01-17T17:00:00',0,2,N'Tamamlandı',4,23),
(227,4,11,'2027-01-17T19:00:00',3,1,N'Tamamlandı',4,23),
(228,5,10,'2027-01-17T20:00:00',0,0,N'Tamamlandı',4,23),
(229,6,9,'2027-01-18T21:00:00',3,2,N'Tamamlandı',4,23),
(230,7,8,'2027-01-18T22:00:00',0,1,N'Tamamlandı',4,23),
(231,16,1,'2027-01-23T16:00:00',1,1,N'Tamamlandı',4,24),
(232,15,17,'2027-01-23T18:00:00',2,1,N'Tamamlandı',4,24),
(233,14,18,'2027-01-23T20:00:00',0,2,N'Tamamlandı',4,24),
(234,13,19,'2027-01-23T21:00:00',2,0,N'Tamamlandı',4,24),
(235,12,20,'2027-01-24T22:00:00',0,1,N'Tamamlandı',4,24),
(236,11,2,'2027-01-24T17:00:00',3,0,N'Tamamlandı',4,24),
(237,10,3,'2027-01-24T19:00:00',1,2,N'Tamamlandı',4,24),
(238,9,4,'2027-01-24T20:00:00',3,2,N'Tamamlandı',4,24),
(239,8,5,'2027-01-25T21:00:00',1,1,N'Tamamlandı',4,24),
(240,7,6,'2027-01-25T22:00:00',3,1,N'Tamamlandı',4,24),
(241,1,15,'2027-01-30T16:00:00',4,2,N'Tamamlandı',4,25),
(242,16,14,'2027-01-30T18:00:00',3,0,N'Tamamlandı',4,25),
(243,17,13,'2027-01-30T20:00:00',1,2,N'Tamamlandı',4,25),
(244,18,12,'2027-01-30T21:00:00',3,1,N'Tamamlandı',4,25),
(245,19,11,'2027-01-31T22:00:00',1,0,N'Tamamlandı',4,25),
(246,20,10,'2027-01-31T17:00:00',3,2,N'Tamamlandı',4,25),
(247,2,9,'2027-01-31T19:00:00',1,0,N'Tamamlandı',4,25),
(248,3,8,'2027-01-31T20:00:00',2,2,N'Tamamlandı',4,25),
(249,4,7,'2027-02-01T21:00:00',1,1,N'Tamamlandı',4,25),
(250,5,6,'2027-02-01T22:00:00',2,1,N'Tamamlandı',4,25),
(251,14,1,'2027-02-06T16:00:00',1,1,N'Tamamlandı',4,26),
(252,13,15,'2027-02-06T18:00:00',0,0,N'Tamamlandı',4,26),
(253,12,16,'2027-02-06T20:00:00',2,1,N'Tamamlandı',4,26),
(254,11,17,'2027-02-06T21:00:00',0,2,N'Tamamlandı',4,26),
(255,10,18,'2027-02-07T22:00:00',2,0,N'Tamamlandı',4,26),
(256,9,19,'2027-02-07T17:00:00',0,1,N'Tamamlandı',4,26),
(257,8,20,'2027-02-07T19:00:00',2,2,N'Tamamlandı',4,26),
(258,7,2,'2027-02-07T20:00:00',1,1,N'Tamamlandı',4,26),
(259,6,3,'2027-02-08T21:00:00',3,3,N'Tamamlandı',4,26),
(260,5,4,'2027-02-08T22:00:00',2,0,N'Tamamlandı',4,26),
(261,1,13,'2027-02-13T16:00:00',4,0,N'Tamamlandı',4,27),
(262,14,12,'2027-02-13T18:00:00',1,2,N'Tamamlandı',4,27),
(263,15,11,'2027-02-13T20:00:00',3,1,N'Tamamlandı',4,27),
(264,16,10,'2027-02-13T21:00:00',1,0,N'Tamamlandı',4,27),
(265,17,9,'2027-02-14T22:00:00',3,2,N'Tamamlandı',4,27),
(266,18,8,'2027-02-14T17:00:00',1,1,N'Tamamlandı',4,27),
(267,19,7,'2027-02-14T19:00:00',3,0,N'Tamamlandı',4,27),
(268,20,6,'2027-02-14T20:00:00',1,3,N'Tamamlandı',4,27),
(269,2,5,'2027-02-15T21:00:00',3,0,N'Tamamlandı',4,27),
(270,3,4,'2027-02-15T22:00:00',0,3,N'Tamamlandı',4,27),
(271,12,1,'2027-02-20T16:00:00',1,1,N'Tamamlandı',4,28),
(272,11,13,'2027-02-20T18:00:00',2,2,N'Tamamlandı',4,28),
(273,10,14,'2027-02-20T20:00:00',0,0,N'Tamamlandı',4,28),
(274,9,15,'2027-02-20T21:00:00',2,1,N'Tamamlandı',4,28),
(275,8,16,'2027-02-21T22:00:00',0,2,N'Tamamlandı',4,28),
(276,7,17,'2027-02-21T17:00:00',2,0,N'Tamamlandı',4,28),
(277,6,18,'2027-02-21T19:00:00',0,1,N'Tamamlandı',4,28),
(278,5,19,'2027-02-21T20:00:00',3,2,N'Tamamlandı',4,28),
(279,4,20,'2027-02-22T21:00:00',0,0,N'Tamamlandı',4,28),
(280,3,2,'2027-02-22T22:00:00',4,2,N'Tamamlandı',4,28),
(281,1,11,'2027-02-27T16:00:00',4,1,N'Tamamlandı',4,29),
(282,12,10,'2027-02-27T18:00:00',3,1,N'Tamamlandı',4,29),
(283,13,9,'2027-02-27T20:00:00',1,0,N'Tamamlandı',4,29),
(284,14,8,'2027-02-27T21:00:00',3,2,N'Tamamlandı',4,29),
(285,15,7,'2027-02-28T22:00:00',1,1,N'Tamamlandı',4,29),
(286,16,6,'2027-02-28T17:00:00',3,1,N'Tamamlandı',4,29),
(287,17,5,'2027-02-28T19:00:00',1,2,N'Tamamlandı',4,29),
(288,18,4,'2027-02-28T20:00:00',3,2,N'Tamamlandı',4,29),
(289,19,3,'2027-03-01T21:00:00',1,0,N'Tamamlandı',4,29),
(290,20,2,'2027-03-01T22:00:00',3,3,N'Tamamlandı',4,29),
(291,10,1,'2027-03-06T16:00:00',1,1,N'Tamamlandı',4,30),
(292,9,11,'2027-03-06T18:00:00',0,1,N'Tamamlandı',4,30),
(293,8,12,'2027-03-06T20:00:00',2,2,N'Tamamlandı',4,30),
(294,7,13,'2027-03-06T21:00:00',0,0,N'Tamamlandı',4,30),
(295,6,14,'2027-03-07T22:00:00',2,1,N'Tamamlandı',4,30),
(296,5,15,'2027-03-07T17:00:00',1,2,N'Tamamlandı',4,30),
(297,4,16,'2027-03-07T19:00:00',2,0,N'Tamamlandı',4,30),
(298,3,17,'2027-03-07T20:00:00',1,1,N'Tamamlandı',4,30),
(299,2,18,'2027-03-08T21:00:00',2,2,N'Tamamlandı',4,30),
(300,20,19,'2027-03-08T22:00:00',1,1,N'Tamamlandı',4,30),
(301,1,9,'2027-03-13T16:00:00',4,2,N'Tamamlandı',4,31),
(302,10,8,'2027-03-13T18:00:00',1,0,N'Tamamlandı',4,31),
(303,11,7,'2027-03-13T20:00:00',3,2,N'Tamamlandı',4,31),
(304,12,6,'2027-03-13T21:00:00',1,2,N'Tamamlandı',4,31),
(305,13,5,'2027-03-14T22:00:00',3,0,N'Tamamlandı',4,31),
(306,14,4,'2027-03-14T17:00:00',1,3,N'Tamamlandı',4,31),
(307,15,3,'2027-03-14T19:00:00',3,1,N'Tamamlandı',4,31),
(308,16,2,'2027-03-14T20:00:00',1,1,N'Tamamlandı',4,31),
(309,17,20,'2027-03-15T21:00:00',2,1,N'Tamamlandı',4,31),
(310,18,19,'2027-03-15T22:00:00',0,0,N'Tamamlandı',4,31),
(311,8,1,'2027-03-20T16:00:00',1,1,N'Tamamlandı',4,32),
(312,7,9,'2027-03-20T18:00:00',2,0,N'Tamamlandı',4,32),
(313,6,10,'2027-03-20T20:00:00',0,1,N'Tamamlandı',4,32),
(314,5,11,'2027-03-20T21:00:00',3,2,N'Tamamlandı',4,32),
(315,4,12,'2027-03-21T22:00:00',0,0,N'Tamamlandı',4,32),
(316,3,13,'2027-03-21T17:00:00',3,1,N'Tamamlandı',4,32),
(317,2,14,'2027-03-21T19:00:00',0,2,N'Tamamlandı',4,32),
(318,20,15,'2027-03-21T20:00:00',3,1,N'Tamamlandı',4,32),
(319,19,16,'2027-03-22T21:00:00',1,2,N'Tamamlandı',4,32),
(320,18,17,'2027-03-22T22:00:00',3,0,N'Tamamlandı',4,32),
(321,1,7,'2027-03-27T16:00:00',4,0,N'Tamamlandı',4,33),
(322,8,6,'2027-03-27T18:00:00',3,3,N'Tamamlandı',4,33),
(323,9,5,'2027-03-27T20:00:00',1,1,N'Tamamlandı',4,33),
(324,10,4,'2027-03-27T21:00:00',3,1,N'Tamamlandı',4,33),
(325,11,3,'2027-03-28T22:00:00',1,2,N'Tamamlandı',4,33),
(326,12,2,'2027-03-28T17:00:00',3,2,N'Tamamlandı',4,33),
(327,13,20,'2027-03-28T19:00:00',0,2,N'Tamamlandı',4,33),
(328,14,19,'2027-03-28T20:00:00',2,1,N'Tamamlandı',4,33),
(329,15,18,'2027-03-29T21:00:00',0,0,N'Tamamlandı',4,33),
(330,16,17,'2027-03-29T22:00:00',2,2,N'Tamamlandı',4,33),
(331,6,1,'2027-04-03T16:00:00',1,1,N'Tamamlandı',4,34),
(332,5,7,'2027-04-03T18:00:00',1,2,N'Tamamlandı',4,34),
(333,4,8,'2027-04-03T20:00:00',2,0,N'Tamamlandı',4,34),
(334,3,9,'2027-04-03T21:00:00',1,1,N'Tamamlandı',4,34),
(335,2,10,'2027-04-04T22:00:00',2,2,N'Tamamlandı',4,34),
(336,20,11,'2027-04-04T17:00:00',1,1,N'Tamamlandı',4,34),
(337,19,12,'2027-04-04T19:00:00',3,2,N'Tamamlandı',4,34),
(338,18,13,'2027-04-04T20:00:00',1,0,N'Tamamlandı',4,34),
(339,17,14,'2027-04-05T21:00:00',3,1,N'Tamamlandı',4,34),
(340,16,15,'2027-04-05T22:00:00',1,2,N'Tamamlandı',4,34),
(341,1,5,'2027-04-10T16:00:00',NULL,NULL,N'Planlandı',4,35),
(342,6,4,'2027-04-10T18:00:00',NULL,NULL,N'Planlandı',4,35),
(343,7,3,'2027-04-10T20:00:00',NULL,NULL,N'Planlandı',4,35),
(344,8,2,'2027-04-10T21:00:00',NULL,NULL,N'Planlandı',4,35),
(345,9,20,'2027-04-11T22:00:00',NULL,NULL,N'Planlandı',4,35),
(346,10,19,'2027-04-11T17:00:00',NULL,NULL,N'Planlandı',4,35),
(347,11,18,'2027-04-11T19:00:00',NULL,NULL,N'Planlandı',4,35),
(348,12,17,'2027-04-11T20:00:00',NULL,NULL,N'Planlandı',4,35),
(349,13,16,'2027-04-12T21:00:00',NULL,NULL,N'Planlandı',4,35),
(350,14,15,'2027-04-12T22:00:00',NULL,NULL,N'Planlandı',4,35),
(351,4,1,'2027-04-17T16:00:00',NULL,NULL,N'Planlandı',4,36),
(352,3,5,'2027-04-17T18:00:00',NULL,NULL,N'Planlandı',4,36),
(353,2,6,'2027-04-17T20:00:00',NULL,NULL,N'Planlandı',4,36),
(354,20,7,'2027-04-17T21:00:00',NULL,NULL,N'Planlandı',4,36),
(355,19,8,'2027-04-18T22:00:00',NULL,NULL,N'Planlandı',4,36),
(356,18,9,'2027-04-18T17:00:00',NULL,NULL,N'Planlandı',4,36),
(357,17,10,'2027-04-18T19:00:00',NULL,NULL,N'Planlandı',4,36),
(358,16,11,'2027-04-18T20:00:00',NULL,NULL,N'Planlandı',4,36),
(359,15,12,'2027-04-19T21:00:00',NULL,NULL,N'Planlandı',4,36),
(360,14,13,'2027-04-19T22:00:00',NULL,NULL,N'Planlandı',4,36),
(361,1,3,'2027-04-24T16:00:00',NULL,NULL,N'Planlandı',4,37),
(362,4,2,'2027-04-24T18:00:00',NULL,NULL,N'Planlandı',4,37),
(363,5,20,'2027-04-24T20:00:00',NULL,NULL,N'Planlandı',4,37),
(364,6,19,'2027-04-24T21:00:00',NULL,NULL,N'Planlandı',4,37),
(365,7,18,'2027-04-25T22:00:00',NULL,NULL,N'Planlandı',4,37),
(366,8,17,'2027-04-25T17:00:00',NULL,NULL,N'Planlandı',4,37),
(367,9,16,'2027-04-25T19:00:00',NULL,NULL,N'Planlandı',4,37),
(368,10,15,'2027-04-25T20:00:00',NULL,NULL,N'Planlandı',4,37),
(369,11,14,'2027-04-26T21:00:00',NULL,NULL,N'Planlandı',4,37),
(370,12,13,'2027-04-26T22:00:00',NULL,NULL,N'Planlandı',4,37),
(371,2,1,'2027-05-01T16:00:00',NULL,NULL,N'Planlandı',4,38),
(372,20,3,'2027-05-01T18:00:00',NULL,NULL,N'Planlandı',4,38),
(373,19,4,'2027-05-01T20:00:00',NULL,NULL,N'Planlandı',4,38),
(374,18,5,'2027-05-01T21:00:00',NULL,NULL,N'Planlandı',4,38),
(375,17,6,'2027-05-02T22:00:00',NULL,NULL,N'Planlandı',4,38),
(376,16,7,'2027-05-02T17:00:00',NULL,NULL,N'Planlandı',4,38),
(377,15,8,'2027-05-02T19:00:00',NULL,NULL,N'Planlandı',4,38),
(378,14,9,'2027-05-02T20:00:00',NULL,NULL,N'Planlandı',4,38),
(379,13,10,'2027-05-03T21:00:00',NULL,NULL,N'Planlandı',4,38),
(380,12,11,'2027-05-03T22:00:00',NULL,NULL,N'Planlandı',4,38);
SET IDENTITY_INSERT Matches OFF;
GO

SET IDENTITY_INSERT MatchEvents ON;
INSERT INTO MatchEvents (MatchEventId, LeagueMatchId, TeamId, PlayerId, Minute, EventType, Description, CreatedDate, PlayerInId, PlayerOutId) VALUES
(1,1,1,11,20,N'Gol',N'Gol kaydı.',GETDATE(),NULL,NULL),
(2,2,2,19,21,N'Gol',N'Gol kaydı.',GETDATE(),NULL,NULL),
(3,2,2,21,34,N'Gol',N'Gol kaydı.',GETDATE(),NULL,NULL),
(4,2,2,22,47,N'Gol',N'Gol kaydı.',GETDATE(),NULL,NULL),
(5,2,19,194,25,N'Gol',N'Gol kaydı.',GETDATE(),NULL,NULL),
(6,2,19,196,40,N'Gol',N'Gol kaydı.',GETDATE(),NULL,NULL),
(7,3,18,185,26,N'Gol',N'Gol kaydı.',GETDATE(),NULL,NULL),
(8,4,4,44,23,N'Gol',N'Gol kaydı.',GETDATE(),NULL,NULL),
(9,4,4,46,36,N'Gol',N'Gol kaydı.',GETDATE(),NULL,NULL),
(10,4,4,43,49,N'Gol',N'Gol kaydı.',GETDATE(),NULL,NULL),
(11,5,16,164,28,N'Gol',N'Gol kaydı.',GETDATE(),NULL,NULL),
(12,5,16,163,43,N'Gol',N'Gol kaydı.',GETDATE(),NULL,NULL),
(13,6,6,62,25,N'Gol',N'Gol kaydı.',GETDATE(),NULL,NULL),
(14,6,6,65,38,N'Gol',N'Gol kaydı.',GETDATE(),NULL,NULL),
(15,6,6,63,51,N'Gol',N'Gol kaydı.',GETDATE(),NULL,NULL),
(16,6,15,155,29,N'Gol',N'Gol kaydı.',GETDATE(),NULL,NULL),
(17,7,14,146,71,N'Sarı Kart',N'Sert müdahale.',GETDATE(),NULL,NULL),
(18,8,8,84,27,N'Gol',N'Gol kaydı.',GETDATE(),NULL,NULL),
(19,8,8,85,40,N'Gol',N'Gol kaydı.',GETDATE(),NULL,NULL),
(20,8,13,134,31,N'Gol',N'Gol kaydı.',GETDATE(),NULL,NULL),
(21,8,13,133,46,N'Gol',N'Gol kaydı.',GETDATE(),NULL,NULL),
(22,9,12,126,32,N'Gol',N'Gol kaydı.',GETDATE(),NULL,NULL),
(23,10,10,103,29,N'Gol',N'Gol kaydı.',GETDATE(),NULL,NULL),
(24,10,10,104,42,N'Gol',N'Gol kaydı.',GETDATE(),NULL,NULL),
(25,11,1,10,27,N'Gol',N'Gol kaydı.',GETDATE(),NULL,NULL),
(26,11,1,11,42,N'Gol',N'Gol kaydı.',GETDATE(),NULL,NULL),
(27,11,1,9,57,N'Gol',N'Gol kaydı.',GETDATE(),NULL,NULL),
(28,13,17,175,24,N'Gol',N'Gol kaydı.',GETDATE(),NULL,NULL),
(29,13,17,174,37,N'Gol',N'Gol kaydı.',GETDATE(),NULL,NULL),
(30,13,17,173,50,N'Gol',N'Gol kaydı.',GETDATE(),NULL,NULL),
(31,13,2,24,29,N'Gol',N'Gol kaydı.',GETDATE(),NULL,NULL),
(32,13,2,23,44,N'Gol',N'Gol kaydı.',GETDATE(),NULL,NULL),
(33,14,16,165,25,N'Gol',N'Gol kaydı.',GETDATE(),NULL,NULL),
(34,14,3,31,30,N'Gol',N'Gol kaydı.',GETDATE(),NULL,NULL),
(35,14,3,34,71,N'Sarı Kart',N'Sert müdahale.',GETDATE(),NULL,NULL),
(36,15,15,154,26,N'Gol',N'Gol kaydı.',GETDATE(),NULL,NULL),
(37,15,15,155,39,N'Gol',N'Gol kaydı.',GETDATE(),NULL,NULL),
(38,15,15,156,52,N'Gol',N'Gol kaydı.',GETDATE(),NULL,NULL),
(39,15,4,45,31,N'Gol',N'Gol kaydı.',GETDATE(),NULL,NULL),
(40,16,14,146,27,N'Gol',N'Gol kaydı.',GETDATE(),NULL,NULL),
(41,16,5,55,32,N'Gol',N'Gol kaydı.',GETDATE(),NULL,NULL),
(42,16,5,53,47,N'Gol',N'Gol kaydı.',GETDATE(),NULL,NULL),
(43,16,5,56,62,N'Gol',N'Gol kaydı.',GETDATE(),NULL,NULL),
(44,17,13,136,28,N'Gol',N'Gol kaydı.',GETDATE(),NULL,NULL),
(45,17,13,134,41,N'Gol',N'Gol kaydı.',GETDATE(),NULL,NULL),
(46,17,13,133,54,N'Gol',N'Gol kaydı.',GETDATE(),NULL,NULL),
(47,18,12,124,29,N'Gol',N'Gol kaydı.',GETDATE(),NULL,NULL),
(48,18,7,72,34,N'Gol',N'Gol kaydı.',GETDATE(),NULL,NULL),
(49,19,11,114,30,N'Gol',N'Gol kaydı.',GETDATE(),NULL,NULL),
(50,19,11,115,43,N'Gol',N'Gol kaydı.',GETDATE(),NULL,NULL),
(51,19,11,116,56,N'Gol',N'Gol kaydı.',GETDATE(),NULL,NULL),
(52,19,8,86,35,N'Gol',N'Gol kaydı.',GETDATE(),NULL,NULL),
(53,19,8,84,50,N'Gol',N'Gol kaydı.',GETDATE(),NULL,NULL),
(54,20,10,104,31,N'Gol',N'Gol kaydı.',GETDATE(),NULL,NULL),
(55,21,1,10,24,N'Gol',N'Gol kaydı.',GETDATE(),NULL,NULL),
(56,21,18,185,30,N'Gol',N'Gol kaydı.',GETDATE(),NULL,NULL),
(57,21,18,186,71,N'Sarı Kart',N'Sert müdahale.',GETDATE(),NULL,NULL),
(58,22,19,196,25,N'Gol',N'Gol kaydı.',GETDATE(),NULL,NULL),
(59,22,17,174,31,N'Gol',N'Gol kaydı.',GETDATE(),NULL,NULL),
(60,22,17,173,46,N'Gol',N'Gol kaydı.',GETDATE(),NULL,NULL),
(61,23,20,202,26,N'Gol',N'Gol kaydı.',GETDATE(),NULL,NULL),
(62,23,20,204,39,N'Gol',N'Gol kaydı.',GETDATE(),NULL,NULL),
(63,23,20,205,52,N'Gol',N'Gol kaydı.',GETDATE(),NULL,NULL),
(64,23,16,164,32,N'Gol',N'Gol kaydı.',GETDATE(),NULL,NULL),
(65,24,2,23,27,N'Gol',N'Gol kaydı.',GETDATE(),NULL,NULL),
(66,24,15,155,33,N'Gol',N'Gol kaydı.',GETDATE(),NULL,NULL),
(67,24,15,156,48,N'Gol',N'Gol kaydı.',GETDATE(),NULL,NULL),
(68,25,3,34,28,N'Gol',N'Gol kaydı.',GETDATE(),NULL,NULL),
(69,25,3,33,41,N'Gol',N'Gol kaydı.',GETDATE(),NULL,NULL),
(70,25,14,145,34,N'Gol',N'Gol kaydı.',GETDATE(),NULL,NULL),
(71,26,4,44,29,N'Gol',N'Gol kaydı.',GETDATE(),NULL,NULL),
(72,27,5,53,30,N'Gol',N'Gol kaydı.',GETDATE(),NULL,NULL),
(73,27,5,56,43,N'Gol',N'Gol kaydı.',GETDATE(),NULL,NULL),
(74,27,12,126,36,N'Gol',N'Gol kaydı.',GETDATE(),NULL,NULL),
(75,27,12,125,51,N'Gol',N'Gol kaydı.',GETDATE(),NULL,NULL),
(76,28,6,62,31,N'Gol',N'Gol kaydı.',GETDATE(),NULL,NULL),
(77,28,11,115,37,N'Gol',N'Gol kaydı.',GETDATE(),NULL,NULL),
(78,28,11,115,71,N'Sarı Kart',N'Sert müdahale.',GETDATE(),NULL,NULL),
(79,29,7,74,32,N'Gol',N'Gol kaydı.',GETDATE(),NULL,NULL),
(80,29,7,76,45,N'Gol',N'Gol kaydı.',GETDATE(),NULL,NULL),
(81,30,9,93,39,N'Gol',N'Gol kaydı.',GETDATE(),NULL,NULL),
(82,30,9,92,54,N'Gol',N'Gol kaydı.',GETDATE(),NULL,NULL),
(83,31,1,9,33,N'Gol',N'Gol kaydı.',GETDATE(),NULL,NULL),
(84,31,1,8,48,N'Gol',N'Gol kaydı.',GETDATE(),NULL,NULL),
(85,31,1,11,63,N'Gol',N'Gol kaydı.',GETDATE(),NULL,NULL),
(86,32,16,165,27,N'Gol',N'Gol kaydı.',GETDATE(),NULL,NULL),
(87,32,16,164,40,N'Gol',N'Gol kaydı.',GETDATE(),NULL,NULL),
(88,32,18,182,34,N'Gol',N'Gol kaydı.',GETDATE(),NULL,NULL),
(89,32,18,186,49,N'Gol',N'Gol kaydı.',GETDATE(),NULL,NULL),
(90,34,14,146,29,N'Gol',N'Gol kaydı.',GETDATE(),NULL,NULL),
(91,34,14,145,42,N'Gol',N'Gol kaydı.',GETDATE(),NULL,NULL),
(92,34,20,206,36,N'Gol',N'Gol kaydı.',GETDATE(),NULL,NULL),
(93,35,13,136,30,N'Gol',N'Gol kaydı.',GETDATE(),NULL,NULL),
(94,35,2,22,71,N'Sarı Kart',N'Sert müdahale.',GETDATE(),NULL,NULL),
(95,36,12,124,31,N'Gol',N'Gol kaydı.',GETDATE(),NULL,NULL),
(96,36,12,126,44,N'Gol',N'Gol kaydı.',GETDATE(),NULL,NULL),
(97,36,12,125,57,N'Gol',N'Gol kaydı.',GETDATE(),NULL,NULL),
(98,36,3,31,38,N'Gol',N'Gol kaydı.',GETDATE(),NULL,NULL),
(99,36,3,34,53,N'Gol',N'Gol kaydı.',GETDATE(),NULL,NULL),
(100,37,11,114,32,N'Gol',N'Gol kaydı.',GETDATE(),NULL,NULL),
(101,37,4,45,39,N'Gol',N'Gol kaydı.',GETDATE(),NULL,NULL),
(102,37,4,44,54,N'Gol',N'Gol kaydı.',GETDATE(),NULL,NULL),
(103,38,10,104,33,N'Gol',N'Gol kaydı.',GETDATE(),NULL,NULL),
(104,38,10,106,46,N'Gol',N'Gol kaydı.',GETDATE(),NULL,NULL),
(105,38,10,105,59,N'Gol',N'Gol kaydı.',GETDATE(),NULL,NULL),
(106,38,5,55,40,N'Gol',N'Gol kaydı.',GETDATE(),NULL,NULL),
(107,39,9,95,34,N'Gol',N'Gol kaydı.',GETDATE(),NULL,NULL),
(108,39,6,66,41,N'Gol',N'Gol kaydı.',GETDATE(),NULL,NULL),
(109,40,8,85,35,N'Gol',N'Gol kaydı.',GETDATE(),NULL,NULL),
(110,40,8,83,48,N'Gol',N'Gol kaydı.',GETDATE(),NULL,NULL),
(111,40,8,86,61,N'Gol',N'Gol kaydı.',GETDATE(),NULL,NULL),
(112,40,7,72,42,N'Gol',N'Gol kaydı.',GETDATE(),NULL,NULL),
(113,40,7,74,57,N'Gol',N'Gol kaydı.',GETDATE(),NULL,NULL),
(114,41,1,9,28,N'Gol',N'Gol kaydı.',GETDATE(),NULL,NULL),
(115,41,16,164,36,N'Gol',N'Gol kaydı.',GETDATE(),NULL,NULL),
(116,41,16,163,51,N'Gol',N'Gol kaydı.',GETDATE(),NULL,NULL),
(117,42,17,173,29,N'Gol',N'Gol kaydı.',GETDATE(),NULL,NULL),
(118,42,17,176,42,N'Gol',N'Gol kaydı.',GETDATE(),NULL,NULL),
(119,42,17,175,55,N'Gol',N'Gol kaydı.',GETDATE(),NULL,NULL),
(120,42,15,155,37,N'Gol',N'Gol kaydı.',GETDATE(),NULL,NULL),
(121,42,15,155,71,N'Sarı Kart',N'Sert müdahale.',GETDATE(),NULL,NULL),
(122,43,18,186,30,N'Gol',N'Gol kaydı.',GETDATE(),NULL,NULL),
(123,44,19,196,31,N'Gol',N'Gol kaydı.',GETDATE(),NULL,NULL),
(124,44,19,195,44,N'Gol',N'Gol kaydı.',GETDATE(),NULL,NULL),
(125,44,19,192,57,N'Gol',N'Gol kaydı.',GETDATE(),NULL,NULL),
(126,44,13,134,39,N'Gol',N'Gol kaydı.',GETDATE(),NULL,NULL),
(127,44,13,133,54,N'Gol',N'Gol kaydı.',GETDATE(),NULL,NULL),
(128,45,20,202,32,N'Gol',N'Gol kaydı.',GETDATE(),NULL,NULL),
(129,45,12,126,40,N'Gol',N'Gol kaydı.',GETDATE(),NULL,NULL),
(130,46,2,24,33,N'Gol',N'Gol kaydı.',GETDATE(),NULL,NULL),
(131,46,2,23,46,N'Gol',N'Gol kaydı.',GETDATE(),NULL,NULL),
(132,46,2,19,59,N'Gol',N'Gol kaydı.',GETDATE(),NULL,NULL),
(133,46,11,115,41,N'Gol',N'Gol kaydı.',GETDATE(),NULL,NULL),
(134,46,11,116,56,N'Gol',N'Gol kaydı.',GETDATE(),NULL,NULL),
(135,47,10,106,42,N'Gol',N'Gol kaydı.',GETDATE(),NULL,NULL),
(136,48,4,44,35,N'Gol',N'Gol kaydı.',GETDATE(),NULL,NULL),
(137,48,4,46,48,N'Gol',N'Gol kaydı.',GETDATE(),NULL,NULL),
(138,48,4,43,61,N'Gol',N'Gol kaydı.',GETDATE(),NULL,NULL),
(139,49,8,83,44,N'Gol',N'Gol kaydı.',GETDATE(),NULL,NULL),
(140,49,8,86,59,N'Gol',N'Gol kaydı.',GETDATE(),NULL,NULL),
(141,49,8,86,71,N'Sarı Kart',N'Sert müdahale.',GETDATE(),NULL,NULL),
(142,50,6,62,37,N'Gol',N'Gol kaydı.',GETDATE(),NULL,NULL),
(143,50,6,65,50,N'Gol',N'Gol kaydı.',GETDATE(),NULL,NULL),
(144,50,6,63,63,N'Gol',N'Gol kaydı.',GETDATE(),NULL,NULL),
(145,50,7,74,45,N'Gol',N'Gol kaydı.',GETDATE(),NULL,NULL),
(146,51,1,11,39,N'Gol',N'Gol kaydı.',GETDATE(),NULL,NULL),
(147,51,1,10,54,N'Gol',N'Gol kaydı.',GETDATE(),NULL,NULL),
(148,51,1,9,69,N'Gol',N'Gol kaydı.',GETDATE(),NULL,NULL),
(149,52,16,166,40,N'Gol',N'Gol kaydı.',GETDATE(),NULL,NULL),
(150,53,13,136,32,N'Gol',N'Gol kaydı.',GETDATE(),NULL,NULL),
(151,53,13,134,45,N'Gol',N'Gol kaydı.',GETDATE(),NULL,NULL),
(152,53,17,174,41,N'Gol',N'Gol kaydı.',GETDATE(),NULL,NULL),
(153,53,17,173,56,N'Gol',N'Gol kaydı.',GETDATE(),NULL,NULL),
(154,55,11,114,34,N'Gol',N'Gol kaydı.',GETDATE(),NULL,NULL),
(155,55,11,115,47,N'Gol',N'Gol kaydı.',GETDATE(),NULL,NULL),
(156,55,19,194,43,N'Gol',N'Gol kaydı.',GETDATE(),NULL,NULL),
(157,56,20,206,44,N'Gol',N'Gol kaydı.',GETDATE(),NULL,NULL),
(158,56,20,202,59,N'Gol',N'Gol kaydı.',GETDATE(),NULL,NULL),
(159,56,20,205,71,N'Sarı Kart',N'Sert müdahale.',GETDATE(),NULL,NULL),
(160,57,9,95,36,N'Gol',N'Gol kaydı.',GETDATE(),NULL,NULL),
(161,57,9,93,49,N'Gol',N'Gol kaydı.',GETDATE(),NULL,NULL),
(162,57,9,92,62,N'Gol',N'Gol kaydı.',GETDATE(),NULL,NULL),
(163,57,2,21,45,N'Gol',N'Gol kaydı.',GETDATE(),NULL,NULL),
(164,58,8,85,37,N'Gol',N'Gol kaydı.',GETDATE(),NULL,NULL),
(165,58,3,31,46,N'Gol',N'Gol kaydı.',GETDATE(),NULL,NULL),
(166,58,3,34,61,N'Gol',N'Gol kaydı.',GETDATE(),NULL,NULL),
(167,58,3,33,76,N'Gol',N'Gol kaydı.',GETDATE(),NULL,NULL),
(168,59,7,72,38,N'Gol',N'Gol kaydı.',GETDATE(),NULL,NULL),
(169,59,7,74,51,N'Gol',N'Gol kaydı.',GETDATE(),NULL,NULL),
(170,59,7,76,64,N'Gol',N'Gol kaydı.',GETDATE(),NULL,NULL),
(171,60,6,65,39,N'Gol',N'Gol kaydı.',GETDATE(),NULL,NULL),
(172,60,5,55,48,N'Gol',N'Gol kaydı.',GETDATE(),NULL,NULL),
(173,60,5,53,63,N'Gol',N'Gol kaydı.',GETDATE(),NULL,NULL),
(174,61,1,11,32,N'Gol',N'Gol kaydı.',GETDATE(),NULL,NULL),
(175,62,15,156,33,N'Gol',N'Gol kaydı.',GETDATE(),NULL,NULL),
(176,63,16,165,34,N'Gol',N'Gol kaydı.',GETDATE(),NULL,NULL),
(177,63,16,164,47,N'Gol',N'Gol kaydı.',GETDATE(),NULL,NULL),
(178,63,16,163,60,N'Gol',N'Gol kaydı.',GETDATE(),NULL,NULL),
(179,63,12,126,44,N'Gol',N'Gol kaydı.',GETDATE(),NULL,NULL),
(180,63,12,125,59,N'Gol',N'Gol kaydı.',GETDATE(),NULL,NULL),
(181,63,12,125,71,N'Sarı Kart',N'Sert müdahale.',GETDATE(),NULL,NULL),
(182,64,17,173,35,N'Gol',N'Gol kaydı.',GETDATE(),NULL,NULL),
(183,64,11,115,45,N'Gol',N'Gol kaydı.',GETDATE(),NULL,NULL),
(184,65,18,186,36,N'Gol',N'Gol kaydı.',GETDATE(),NULL,NULL),
(185,65,18,185,49,N'Gol',N'Gol kaydı.',GETDATE(),NULL,NULL),
(186,65,18,184,62,N'Gol',N'Gol kaydı.',GETDATE(),NULL,NULL),
(187,66,19,196,37,N'Gol',N'Gol kaydı.',GETDATE(),NULL,NULL),
(188,66,9,93,47,N'Gol',N'Gol kaydı.',GETDATE(),NULL,NULL),
(189,66,9,92,62,N'Gol',N'Gol kaydı.',GETDATE(),NULL,NULL),
(190,67,20,202,38,N'Gol',N'Gol kaydı.',GETDATE(),NULL,NULL),
(191,67,20,204,51,N'Gol',N'Gol kaydı.',GETDATE(),NULL,NULL),
(192,67,20,205,64,N'Gol',N'Gol kaydı.',GETDATE(),NULL,NULL),
(193,67,8,83,48,N'Gol',N'Gol kaydı.',GETDATE(),NULL,NULL),
(194,68,2,22,39,N'Gol',N'Gol kaydı.',GETDATE(),NULL,NULL),
(195,68,7,74,49,N'Gol',N'Gol kaydı.',GETDATE(),NULL,NULL),
(196,68,7,76,64,N'Gol',N'Gol kaydı.',GETDATE(),NULL,NULL),
(197,69,3,34,40,N'Gol',N'Gol kaydı.',GETDATE(),NULL,NULL),
(198,69,3,33,53,N'Gol',N'Gol kaydı.',GETDATE(),NULL,NULL),
(199,69,6,63,50,N'Gol',N'Gol kaydı.',GETDATE(),NULL,NULL),
(200,69,6,66,65,N'Gol',N'Gol kaydı.',GETDATE(),NULL,NULL),
(201,70,4,44,41,N'Gol',N'Gol kaydı.',GETDATE(),NULL,NULL),
(202,70,5,54,71,N'Sarı Kart',N'Sert müdahale.',GETDATE(),NULL,NULL),
(203,71,1,9,45,N'Gol',N'Gol kaydı.',GETDATE(),NULL,NULL),
(204,71,1,8,60,N'Gol',N'Gol kaydı.',GETDATE(),NULL,NULL),
(205,71,1,11,75,N'Gol',N'Gol kaydı.',GETDATE(),NULL,NULL),
(206,72,12,124,35,N'Gol',N'Gol kaydı.',GETDATE(),NULL,NULL),
(207,72,12,126,48,N'Gol',N'Gol kaydı.',GETDATE(),NULL,NULL),
(208,73,15,155,47,N'Gol',N'Gol kaydı.',GETDATE(),NULL,NULL),
(209,74,10,104,37,N'Gol',N'Gol kaydı.',GETDATE(),NULL,NULL),
(210,74,10,106,50,N'Gol',N'Gol kaydı.',GETDATE(),NULL,NULL),
(211,74,16,166,48,N'Gol',N'Gol kaydı.',GETDATE(),NULL,NULL),
(212,74,16,165,63,N'Gol',N'Gol kaydı.',GETDATE(),NULL,NULL),
(213,76,8,85,39,N'Gol',N'Gol kaydı.',GETDATE(),NULL,NULL),
(214,76,8,83,52,N'Gol',N'Gol kaydı.',GETDATE(),NULL,NULL),
(215,76,18,182,50,N'Gol',N'Gol kaydı.',GETDATE(),NULL,NULL),
(216,77,19,194,51,N'Gol',N'Gol kaydı.',GETDATE(),NULL,NULL),
(217,77,19,196,66,N'Gol',N'Gol kaydı.',GETDATE(),NULL,NULL),
(218,77,19,194,71,N'Sarı Kart',N'Sert müdahale.',GETDATE(),NULL,NULL),
(219,78,6,65,41,N'Gol',N'Gol kaydı.',GETDATE(),NULL,NULL),
(220,78,6,63,54,N'Gol',N'Gol kaydı.',GETDATE(),NULL,NULL),
(221,79,5,55,42,N'Gol',N'Gol kaydı.',GETDATE(),NULL,NULL),
(222,79,5,53,55,N'Gol',N'Gol kaydı.',GETDATE(),NULL,NULL),
(223,79,2,19,53,N'Gol',N'Gol kaydı.',GETDATE(),NULL,NULL),
(224,79,2,21,68,N'Gol',N'Gol kaydı.',GETDATE(),NULL,NULL),
(225,80,4,46,43,N'Gol',N'Gol kaydı.',GETDATE(),NULL,NULL),
(226,80,4,43,56,N'Gol',N'Gol kaydı.',GETDATE(),NULL,NULL),
(227,80,4,45,69,N'Gol',N'Gol kaydı.',GETDATE(),NULL,NULL),
(228,80,3,31,54,N'Gol',N'Gol kaydı.',GETDATE(),NULL,NULL),
(229,81,1,9,36,N'Gol',N'Gol kaydı.',GETDATE(),NULL,NULL),
(230,81,12,126,48,N'Gol',N'Gol kaydı.',GETDATE(),NULL,NULL),
(231,82,13,133,37,N'Gol',N'Gol kaydı.',GETDATE(),NULL,NULL),
(232,82,13,135,50,N'Gol',N'Gol kaydı.',GETDATE(),NULL,NULL),
(233,82,13,136,63,N'Gol',N'Gol kaydı.',GETDATE(),NULL,NULL),
(234,82,11,115,49,N'Gol',N'Gol kaydı.',GETDATE(),NULL,NULL),
(235,82,11,116,64,N'Gol',N'Gol kaydı.',GETDATE(),NULL,NULL),
(236,83,14,146,38,N'Gol',N'Gol kaydı.',GETDATE(),NULL,NULL),
(237,83,10,106,50,N'Gol',N'Gol kaydı.',GETDATE(),NULL,NULL),
(238,84,15,156,39,N'Gol',N'Gol kaydı.',GETDATE(),NULL,NULL),
(239,84,15,153,52,N'Gol',N'Gol kaydı.',GETDATE(),NULL,NULL),
(240,84,15,154,65,N'Gol',N'Gol kaydı.',GETDATE(),NULL,NULL),
(241,84,9,96,71,N'Sarı Kart',N'Sert müdahale.',GETDATE(),NULL,NULL),
(242,85,16,165,40,N'Gol',N'Gol kaydı.',GETDATE(),NULL,NULL),
(243,85,8,83,52,N'Gol',N'Gol kaydı.',GETDATE(),NULL,NULL),
(244,85,8,86,67,N'Gol',N'Gol kaydı.',GETDATE(),NULL,NULL),
(245,86,17,173,41,N'Gol',N'Gol kaydı.',GETDATE(),NULL,NULL),
(246,86,17,176,54,N'Gol',N'Gol kaydı.',GETDATE(),NULL,NULL),
(247,86,17,175,67,N'Gol',N'Gol kaydı.',GETDATE(),NULL,NULL),
(248,86,7,74,53,N'Gol',N'Gol kaydı.',GETDATE(),NULL,NULL),
(249,87,18,186,42,N'Gol',N'Gol kaydı.',GETDATE(),NULL,NULL),
(250,87,6,63,54,N'Gol',N'Gol kaydı.',GETDATE(),NULL,NULL),
(251,88,19,196,43,N'Gol',N'Gol kaydı.',GETDATE(),NULL,NULL),
(252,88,19,195,56,N'Gol',N'Gol kaydı.',GETDATE(),NULL,NULL),
(253,88,19,192,69,N'Gol',N'Gol kaydı.',GETDATE(),NULL,NULL),
(254,88,5,53,55,N'Gol',N'Gol kaydı.',GETDATE(),NULL,NULL),
(255,88,5,56,70,N'Gol',N'Gol kaydı.',GETDATE(),NULL,NULL),
(256,89,20,202,44,N'Gol',N'Gol kaydı.',GETDATE(),NULL,NULL),
(257,89,4,43,56,N'Gol',N'Gol kaydı.',GETDATE(),NULL,NULL),
(258,89,4,45,71,N'Gol',N'Gol kaydı.',GETDATE(),NULL,NULL),
(259,90,2,21,45,N'Gol',N'Gol kaydı.',GETDATE(),NULL,NULL),
(260,90,2,22,58,N'Gol',N'Gol kaydı.',GETDATE(),NULL,NULL),
(261,90,2,24,71,N'Gol',N'Gol kaydı.',GETDATE(),NULL,NULL),
(262,90,3,34,57,N'Gol',N'Gol kaydı.',GETDATE(),NULL,NULL),
(263,90,3,33,72,N'Gol',N'Gol kaydı.',GETDATE(),NULL,NULL),
(264,91,1,11,51,N'Gol',N'Gol kaydı.',GETDATE(),NULL,NULL),
(265,91,1,7,66,N'Gol',N'Gol kaydı.',GETDATE(),NULL,NULL),
(266,91,1,10,81,N'Gol',N'Gol kaydı.',GETDATE(),NULL,NULL),
(267,91,1,9,71,N'Sarı Kart',N'Sert müdahale.',GETDATE(),NULL,NULL),
(268,92,12,123,52,N'Gol',N'Gol kaydı.',GETDATE(),NULL,NULL),
(269,92,12,124,67,N'Gol',N'Gol kaydı.',GETDATE(),NULL,NULL),
(270,93,9,95,40,N'Gol',N'Gol kaydı.',GETDATE(),NULL,NULL),
(271,93,9,93,53,N'Gol',N'Gol kaydı.',GETDATE(),NULL,NULL),
(272,94,14,142,54,N'Gol',N'Gol kaydı.',GETDATE(),NULL,NULL),
(273,95,7,72,42,N'Gol',N'Gol kaydı.',GETDATE(),NULL,NULL),
(274,95,7,74,55,N'Gol',N'Gol kaydı.',GETDATE(),NULL,NULL),
(275,95,15,155,55,N'Gol',N'Gol kaydı.',GETDATE(),NULL,NULL),
(276,95,15,156,70,N'Gol',N'Gol kaydı.',GETDATE(),NULL,NULL),
(277,97,5,55,44,N'Gol',N'Gol kaydı.',GETDATE(),NULL,NULL),
(278,97,5,53,57,N'Gol',N'Gol kaydı.',GETDATE(),NULL,NULL),
(279,97,5,56,70,N'Gol',N'Gol kaydı.',GETDATE(),NULL,NULL),
(280,97,17,174,57,N'Gol',N'Gol kaydı.',GETDATE(),NULL,NULL),
(281,98,18,182,58,N'Gol',N'Gol kaydı.',GETDATE(),NULL,NULL),
(282,98,18,186,73,N'Gol',N'Gol kaydı.',GETDATE(),NULL,NULL),
(283,98,18,186,71,N'Sarı Kart',N'Sert müdahale.',GETDATE(),NULL,NULL),
(284,99,3,31,46,N'Gol',N'Gol kaydı.',GETDATE(),NULL,NULL),
(285,99,3,34,59,N'Gol',N'Gol kaydı.',GETDATE(),NULL,NULL),
(286,99,3,33,72,N'Gol',N'Gol kaydı.',GETDATE(),NULL,NULL),
(287,100,20,206,60,N'Gol',N'Gol kaydı.',GETDATE(),NULL,NULL),
(288,101,1,11,40,N'Gol',N'Gol kaydı.',GETDATE(),NULL,NULL),
(289,101,10,106,54,N'Gol',N'Gol kaydı.',GETDATE(),NULL,NULL),
(290,101,10,105,69,N'Gol',N'Gol kaydı.',GETDATE(),NULL,NULL),
(291,102,11,116,41,N'Gol',N'Gol kaydı.',GETDATE(),NULL,NULL),
(292,102,9,93,55,N'Gol',N'Gol kaydı.',GETDATE(),NULL,NULL),
(293,103,12,124,42,N'Gol',N'Gol kaydı.',GETDATE(),NULL,NULL),
(294,103,12,126,55,N'Gol',N'Gol kaydı.',GETDATE(),NULL,NULL),
(295,103,12,125,68,N'Gol',N'Gol kaydı.',GETDATE(),NULL,NULL),
(296,104,13,133,43,N'Gol',N'Gol kaydı.',GETDATE(),NULL,NULL),
(297,104,7,74,57,N'Gol',N'Gol kaydı.',GETDATE(),NULL,NULL),
(298,104,7,76,72,N'Gol',N'Gol kaydı.',GETDATE(),NULL,NULL),
(299,105,14,146,44,N'Gol',N'Gol kaydı.',GETDATE(),NULL,NULL),
(300,105,14,145,57,N'Gol',N'Gol kaydı.',GETDATE(),NULL,NULL),
(301,105,14,144,70,N'Gol',N'Gol kaydı.',GETDATE(),NULL,NULL),
(302,105,6,63,58,N'Gol',N'Gol kaydı.',GETDATE(),NULL,NULL),
(303,105,6,66,73,N'Gol',N'Gol kaydı.',GETDATE(),NULL,NULL),
(304,105,6,65,71,N'Sarı Kart',N'Sert müdahale.',GETDATE(),NULL,NULL),
(305,106,15,156,45,N'Gol',N'Gol kaydı.',GETDATE(),NULL,NULL),
(306,107,16,165,46,N'Gol',N'Gol kaydı.',GETDATE(),NULL,NULL),
(307,107,16,164,59,N'Gol',N'Gol kaydı.',GETDATE(),NULL,NULL),
(308,107,16,163,72,N'Gol',N'Gol kaydı.',GETDATE(),NULL,NULL),
(309,107,4,43,60,N'Gol',N'Gol kaydı.',GETDATE(),NULL,NULL),
(310,107,4,45,75,N'Gol',N'Gol kaydı.',GETDATE(),NULL,NULL),
(311,107,4,44,7,N'Gol',N'Gol kaydı.',GETDATE(),NULL,NULL),
(312,108,17,173,47,N'Gol',N'Gol kaydı.',GETDATE(),NULL,NULL),
(313,108,3,34,61,N'Gol',N'Gol kaydı.',GETDATE(),NULL,NULL),
(314,109,18,186,48,N'Gol',N'Gol kaydı.',GETDATE(),NULL,NULL),
(315,109,18,185,61,N'Gol',N'Gol kaydı.',GETDATE(),NULL,NULL),
(316,109,18,184,74,N'Gol',N'Gol kaydı.',GETDATE(),NULL,NULL),
(317,109,2,24,62,N'Gol',N'Gol kaydı.',GETDATE(),NULL,NULL),
(318,110,20,202,63,N'Gol',N'Gol kaydı.',GETDATE(),NULL,NULL),
(319,111,1,10,57,N'Gol',N'Gol kaydı.',GETDATE(),NULL,NULL),
(320,111,1,11,72,N'Gol',N'Gol kaydı.',GETDATE(),NULL,NULL),
(321,111,1,9,87,N'Gol',N'Gol kaydı.',GETDATE(),NULL,NULL),
(322,112,8,85,43,N'Gol',N'Gol kaydı.',GETDATE(),NULL,NULL),
(323,112,8,83,56,N'Gol',N'Gol kaydı.',GETDATE(),NULL,NULL),
(324,112,10,103,58,N'Gol',N'Gol kaydı.',GETDATE(),NULL,NULL),
(325,112,10,104,71,N'Sarı Kart',N'Sert müdahale.',GETDATE(),NULL,NULL),
(326,113,11,115,59,N'Gol',N'Gol kaydı.',GETDATE(),NULL,NULL),
(327,113,11,116,74,N'Gol',N'Gol kaydı.',GETDATE(),NULL,NULL),
(328,114,6,65,45,N'Gol',N'Gol kaydı.',GETDATE(),NULL,NULL),
(329,114,6,63,58,N'Gol',N'Gol kaydı.',GETDATE(),NULL,NULL),
(330,115,5,55,46,N'Gol',N'Gol kaydı.',GETDATE(),NULL,NULL),
(331,115,13,134,61,N'Gol',N'Gol kaydı.',GETDATE(),NULL,NULL),
(332,116,4,46,47,N'Gol',N'Gol kaydı.',GETDATE(),NULL,NULL),
(333,116,4,43,60,N'Gol',N'Gol kaydı.',GETDATE(),NULL,NULL),
(334,116,14,142,62,N'Gol',N'Gol kaydı.',GETDATE(),NULL,NULL),
(335,116,14,146,77,N'Gol',N'Gol kaydı.',GETDATE(),NULL,NULL),
(336,117,3,31,48,N'Gol',N'Gol kaydı.',GETDATE(),NULL,NULL),
(337,118,2,22,49,N'Gol',N'Gol kaydı.',GETDATE(),NULL,NULL),
(338,118,2,24,62,N'Gol',N'Gol kaydı.',GETDATE(),NULL,NULL),
(339,118,16,166,64,N'Gol',N'Gol kaydı.',GETDATE(),NULL,NULL),
(340,119,20,206,50,N'Gol',N'Gol kaydı.',GETDATE(),NULL,NULL),
(341,119,17,176,71,N'Sarı Kart',N'Sert müdahale.',GETDATE(),NULL,NULL),
(342,120,19,195,51,N'Gol',N'Gol kaydı.',GETDATE(),NULL,NULL),
(343,120,19,192,64,N'Gol',N'Gol kaydı.',GETDATE(),NULL,NULL),
(344,120,19,194,77,N'Gol',N'Gol kaydı.',GETDATE(),NULL,NULL),
(345,120,18,182,66,N'Gol',N'Gol kaydı.',GETDATE(),NULL,NULL),
(346,121,1,10,44,N'Gol',N'Gol kaydı.',GETDATE(),NULL,NULL),
(347,122,9,92,45,N'Gol',N'Gol kaydı.',GETDATE(),NULL,NULL),
(348,122,9,96,58,N'Gol',N'Gol kaydı.',GETDATE(),NULL,NULL),
(349,122,9,95,71,N'Gol',N'Gol kaydı.',GETDATE(),NULL,NULL),
(350,123,10,104,46,N'Gol',N'Gol kaydı.',GETDATE(),NULL,NULL),
(351,123,6,63,62,N'Gol',N'Gol kaydı.',GETDATE(),NULL,NULL),
(352,123,6,66,77,N'Gol',N'Gol kaydı.',GETDATE(),NULL,NULL),
(353,123,6,62,9,N'Gol',N'Gol kaydı.',GETDATE(),NULL,NULL),
(354,124,11,116,47,N'Gol',N'Gol kaydı.',GETDATE(),NULL,NULL),
(355,124,11,112,60,N'Gol',N'Gol kaydı.',GETDATE(),NULL,NULL),
(356,124,11,114,73,N'Gol',N'Gol kaydı.',GETDATE(),NULL,NULL),
(357,124,5,53,63,N'Gol',N'Gol kaydı.',GETDATE(),NULL,NULL),
(358,125,12,124,48,N'Gol',N'Gol kaydı.',GETDATE(),NULL,NULL),
(359,125,4,43,64,N'Gol',N'Gol kaydı.',GETDATE(),NULL,NULL),
(360,126,13,133,49,N'Gol',N'Gol kaydı.',GETDATE(),NULL,NULL),
(361,126,13,135,62,N'Gol',N'Gol kaydı.',GETDATE(),NULL,NULL),
(362,126,13,136,75,N'Gol',N'Gol kaydı.',GETDATE(),NULL,NULL),
(363,126,3,34,65,N'Gol',N'Gol kaydı.',GETDATE(),NULL,NULL),
(364,126,3,33,80,N'Gol',N'Gol kaydı.',GETDATE(),NULL,NULL),
(365,126,3,34,71,N'Sarı Kart',N'Sert müdahale.',GETDATE(),NULL,NULL),
(366,127,14,146,50,N'Gol',N'Gol kaydı.',GETDATE(),NULL,NULL),
(367,127,2,24,66,N'Gol',N'Gol kaydı.',GETDATE(),NULL,NULL),
(368,127,2,23,81,N'Gol',N'Gol kaydı.',GETDATE(),NULL,NULL),
(369,128,15,156,51,N'Gol',N'Gol kaydı.',GETDATE(),NULL,NULL),
(370,128,15,153,64,N'Gol',N'Gol kaydı.',GETDATE(),NULL,NULL),
(371,128,20,202,67,N'Gol',N'Gol kaydı.',GETDATE(),NULL,NULL),
(372,128,20,204,82,N'Gol',N'Gol kaydı.',GETDATE(),NULL,NULL),
(373,129,19,192,68,N'Gol',N'Gol kaydı.',GETDATE(),NULL,NULL),
(374,130,17,173,53,N'Gol',N'Gol kaydı.',GETDATE(),NULL,NULL),
(375,130,17,176,66,N'Gol',N'Gol kaydı.',GETDATE(),NULL,NULL),
(376,131,1,9,63,N'Gol',N'Gol kaydı.',GETDATE(),NULL,NULL),
(377,131,1,8,78,N'Gol',N'Gol kaydı.',GETDATE(),NULL,NULL),
(378,131,1,11,10,N'Gol',N'Gol kaydı.',GETDATE(),NULL,NULL),
(379,133,5,55,48,N'Gol',N'Gol kaydı.',GETDATE(),NULL,NULL),
(380,133,5,53,61,N'Gol',N'Gol kaydı.',GETDATE(),NULL,NULL),
(381,133,5,56,74,N'Gol',N'Gol kaydı.',GETDATE(),NULL,NULL),
(382,133,9,93,65,N'Gol',N'Gol kaydı.',GETDATE(),NULL,NULL),
(383,133,9,96,71,N'Sarı Kart',N'Sert müdahale.',GETDATE(),NULL,NULL),
(384,134,10,103,66,N'Gol',N'Gol kaydı.',GETDATE(),NULL,NULL),
(385,134,10,104,81,N'Gol',N'Gol kaydı.',GETDATE(),NULL,NULL),
(386,135,3,31,50,N'Gol',N'Gol kaydı.',GETDATE(),NULL,NULL),
(387,135,3,34,63,N'Gol',N'Gol kaydı.',GETDATE(),NULL,NULL),
(388,135,3,33,76,N'Gol',N'Gol kaydı.',GETDATE(),NULL,NULL),
(389,136,12,123,68,N'Gol',N'Gol kaydı.',GETDATE(),NULL,NULL),
(390,137,20,206,52,N'Gol',N'Gol kaydı.',GETDATE(),NULL,NULL),
(391,137,20,202,65,N'Gol',N'Gol kaydı.',GETDATE(),NULL,NULL),
(392,137,20,204,78,N'Gol',N'Gol kaydı.',GETDATE(),NULL,NULL),
(393,138,19,195,53,N'Gol',N'Gol kaydı.',GETDATE(),NULL,NULL),
(394,138,14,142,70,N'Gol',N'Gol kaydı.',GETDATE(),NULL,NULL),
(395,139,18,182,54,N'Gol',N'Gol kaydı.',GETDATE(),NULL,NULL),
(396,139,18,186,67,N'Gol',N'Gol kaydı.',GETDATE(),NULL,NULL),
(397,139,18,185,80,N'Gol',N'Gol kaydı.',GETDATE(),NULL,NULL),
(398,139,15,155,71,N'Gol',N'Gol kaydı.',GETDATE(),NULL,NULL),
(399,139,15,156,86,N'Gol',N'Gol kaydı.',GETDATE(),NULL,NULL),
(400,140,17,176,55,N'Gol',N'Gol kaydı.',GETDATE(),NULL,NULL),
(401,140,16,163,71,N'Sarı Kart',N'Sert müdahale.',GETDATE(),NULL,NULL),
(402,141,1,9,48,N'Gol',N'Gol kaydı.',GETDATE(),NULL,NULL),
(403,141,6,63,66,N'Gol',N'Gol kaydı.',GETDATE(),NULL,NULL),
(404,141,6,66,81,N'Gol',N'Gol kaydı.',GETDATE(),NULL,NULL),
(405,142,7,76,49,N'Gol',N'Gol kaydı.',GETDATE(),NULL,NULL),
(406,142,5,53,67,N'Gol',N'Gol kaydı.',GETDATE(),NULL,NULL),
(407,142,5,56,82,N'Gol',N'Gol kaydı.',GETDATE(),NULL,NULL),
(408,143,8,85,50,N'Gol',N'Gol kaydı.',GETDATE(),NULL,NULL),
(409,143,8,83,63,N'Gol',N'Gol kaydı.',GETDATE(),NULL,NULL),
(410,143,8,86,76,N'Gol',N'Gol kaydı.',GETDATE(),NULL,NULL),
(411,143,4,43,68,N'Gol',N'Gol kaydı.',GETDATE(),NULL,NULL),
(412,143,4,45,83,N'Gol',N'Gol kaydı.',GETDATE(),NULL,NULL),
(413,144,9,92,51,N'Gol',N'Gol kaydı.',GETDATE(),NULL,NULL),
(414,145,10,104,52,N'Gol',N'Gol kaydı.',GETDATE(),NULL,NULL),
(415,145,10,106,65,N'Gol',N'Gol kaydı.',GETDATE(),NULL,NULL),
(416,145,10,105,78,N'Gol',N'Gol kaydı.',GETDATE(),NULL,NULL),
(417,145,2,24,70,N'Gol',N'Gol kaydı.',GETDATE(),NULL,NULL),
(418,145,2,23,85,N'Gol',N'Gol kaydı.',GETDATE(),NULL,NULL),
(419,145,2,19,17,N'Gol',N'Gol kaydı.',GETDATE(),NULL,NULL),
(420,147,12,124,54,N'Gol',N'Gol kaydı.',GETDATE(),NULL,NULL),
(421,147,12,126,67,N'Gol',N'Gol kaydı.',GETDATE(),NULL,NULL),
(422,147,19,192,72,N'Gol',N'Gol kaydı.',GETDATE(),NULL,NULL),
(423,147,19,194,87,N'Gol',N'Gol kaydı.',GETDATE(),NULL,NULL),
(424,147,19,194,71,N'Sarı Kart',N'Sert müdahale.',GETDATE(),NULL,NULL),
(425,148,18,186,73,N'Gol',N'Gol kaydı.',GETDATE(),NULL,NULL),
(426,149,14,146,56,N'Gol',N'Gol kaydı.',GETDATE(),NULL,NULL),
(427,149,14,145,69,N'Gol',N'Gol kaydı.',GETDATE(),NULL,NULL),
(428,150,16,165,75,N'Gol',N'Gol kaydı.',GETDATE(),NULL,NULL),
(429,150,16,164,7,N'Gol',N'Gol kaydı.',GETDATE(),NULL,NULL),
(430,151,5,55,50,N'Gol',N'Gol kaydı.',GETDATE(),NULL,NULL),
(431,151,1,11,69,N'Gol',N'Gol kaydı.',GETDATE(),NULL,NULL),
(432,151,1,10,84,N'Gol',N'Gol kaydı.',GETDATE(),NULL,NULL),
(433,151,1,9,16,N'Gol',N'Gol kaydı.',GETDATE(),NULL,NULL),
(434,152,4,46,51,N'Gol',N'Gol kaydı.',GETDATE(),NULL,NULL),
(435,152,4,43,64,N'Gol',N'Gol kaydı.',GETDATE(),NULL,NULL),
(436,152,6,62,70,N'Gol',N'Gol kaydı.',GETDATE(),NULL,NULL),
(437,152,6,65,85,N'Gol',N'Gol kaydı.',GETDATE(),NULL,NULL),
(438,153,3,31,52,N'Gol',N'Gol kaydı.',GETDATE(),NULL,NULL),
(439,154,2,22,53,N'Gol',N'Gol kaydı.',GETDATE(),NULL,NULL),
(440,154,2,24,66,N'Gol',N'Gol kaydı.',GETDATE(),NULL,NULL),
(441,154,8,84,72,N'Gol',N'Gol kaydı.',GETDATE(),NULL,NULL),
(442,154,8,86,71,N'Sarı Kart',N'Sert müdahale.',GETDATE(),NULL,NULL),
(443,155,20,206,54,N'Gol',N'Gol kaydı.',GETDATE(),NULL,NULL),
(444,156,19,195,55,N'Gol',N'Gol kaydı.',GETDATE(),NULL,NULL),
(445,156,19,192,68,N'Gol',N'Gol kaydı.',GETDATE(),NULL,NULL),
(446,156,19,194,81,N'Gol',N'Gol kaydı.',GETDATE(),NULL,NULL),
(447,156,10,103,74,N'Gol',N'Gol kaydı.',GETDATE(),NULL,NULL),
(448,157,18,182,56,N'Gol',N'Gol kaydı.',GETDATE(),NULL,NULL),
(449,157,11,115,75,N'Gol',N'Gol kaydı.',GETDATE(),NULL,NULL),
(450,157,11,116,7,N'Gol',N'Gol kaydı.',GETDATE(),NULL,NULL),
(451,158,17,176,57,N'Gol',N'Gol kaydı.',GETDATE(),NULL,NULL),
(452,158,17,175,70,N'Gol',N'Gol kaydı.',GETDATE(),NULL,NULL),
(453,158,17,174,83,N'Gol',N'Gol kaydı.',GETDATE(),NULL,NULL),
(454,159,16,166,58,N'Gol',N'Gol kaydı.',GETDATE(),NULL,NULL),
(455,159,13,134,77,N'Gol',N'Gol kaydı.',GETDATE(),NULL,NULL),
(456,160,15,153,59,N'Gol',N'Gol kaydı.',GETDATE(),NULL,NULL),
(457,160,15,154,72,N'Gol',N'Gol kaydı.',GETDATE(),NULL,NULL),
(458,160,15,155,85,N'Gol',N'Gol kaydı.',GETDATE(),NULL,NULL),
(459,160,14,142,78,N'Gol',N'Gol kaydı.',GETDATE(),NULL,NULL),
(460,160,14,146,10,N'Gol',N'Gol kaydı.',GETDATE(),NULL,NULL),
(461,161,1,11,52,N'Gol',N'Gol kaydı.',GETDATE(),NULL,NULL),
(462,161,4,43,72,N'Gol',N'Gol kaydı.',GETDATE(),NULL,NULL),
(463,161,4,45,87,N'Gol',N'Gol kaydı.',GETDATE(),NULL,NULL),
(464,161,4,44,19,N'Gol',N'Gol kaydı.',GETDATE(),NULL,NULL),
(465,161,4,45,71,N'Sarı Kart',N'Sert müdahale.',GETDATE(),NULL,NULL),
(466,162,5,56,53,N'Gol',N'Gol kaydı.',GETDATE(),NULL,NULL),
(467,162,5,54,66,N'Gol',N'Gol kaydı.',GETDATE(),NULL,NULL),
(468,162,5,55,79,N'Gol',N'Gol kaydı.',GETDATE(),NULL,NULL),
(469,162,3,34,73,N'Gol',N'Gol kaydı.',GETDATE(),NULL,NULL),
(470,163,6,65,54,N'Gol',N'Gol kaydı.',GETDATE(),NULL,NULL),
(471,163,6,63,67,N'Gol',N'Gol kaydı.',GETDATE(),NULL,NULL),
(472,163,2,24,74,N'Gol',N'Gol kaydı.',GETDATE(),NULL,NULL),
(473,164,7,76,55,N'Gol',N'Gol kaydı.',GETDATE(),NULL,NULL),
(474,164,7,75,68,N'Gol',N'Gol kaydı.',GETDATE(),NULL,NULL),
(475,164,20,202,75,N'Gol',N'Gol kaydı.',GETDATE(),NULL,NULL),
(476,166,9,92,57,N'Gol',N'Gol kaydı.',GETDATE(),NULL,NULL),
(477,166,9,96,70,N'Gol',N'Gol kaydı.',GETDATE(),NULL,NULL),
(478,166,18,186,77,N'Gol',N'Gol kaydı.',GETDATE(),NULL,NULL),
(479,166,18,185,9,N'Gol',N'Gol kaydı.',GETDATE(),NULL,NULL),
(480,167,17,175,78,N'Gol',N'Gol kaydı.',GETDATE(),NULL,NULL),
(481,168,11,116,59,N'Gol',N'Gol kaydı.',GETDATE(),NULL,NULL),
(482,168,11,112,72,N'Gol',N'Gol kaydı.',GETDATE(),NULL,NULL),
(483,168,16,163,71,N'Sarı Kart',N'Sert müdahale.',GETDATE(),NULL,NULL),
(484,169,15,154,80,N'Gol',N'Gol kaydı.',GETDATE(),NULL,NULL),
(485,169,15,155,12,N'Gol',N'Gol kaydı.',GETDATE(),NULL,NULL),
(486,170,13,133,61,N'Gol',N'Gol kaydı.',GETDATE(),NULL,NULL),
(487,170,13,135,74,N'Gol',N'Gol kaydı.',GETDATE(),NULL,NULL),
(488,170,14,146,81,N'Gol',N'Gol kaydı.',GETDATE(),NULL,NULL),
(489,171,3,31,54,N'Gol',N'Gol kaydı.',GETDATE(),NULL,NULL),
(490,171,1,9,75,N'Gol',N'Gol kaydı.',GETDATE(),NULL,NULL),
(491,171,1,8,7,N'Gol',N'Gol kaydı.',GETDATE(),NULL,NULL),
(492,171,1,11,22,N'Gol',N'Gol kaydı.',GETDATE(),NULL,NULL),
(493,172,4,44,76,N'Gol',N'Gol kaydı.',GETDATE(),NULL,NULL),
(494,173,20,206,56,N'Gol',N'Gol kaydı.',GETDATE(),NULL,NULL),
(495,173,20,202,69,N'Gol',N'Gol kaydı.',GETDATE(),NULL,NULL),
(496,173,20,204,82,N'Gol',N'Gol kaydı.',GETDATE(),NULL,NULL),
(497,173,5,53,77,N'Gol',N'Gol kaydı.',GETDATE(),NULL,NULL),
(498,174,19,195,57,N'Gol',N'Gol kaydı.',GETDATE(),NULL,NULL),
(499,174,6,62,78,N'Gol',N'Gol kaydı.',GETDATE(),NULL,NULL),
(500,175,18,182,58,N'Gol',N'Gol kaydı.',GETDATE(),NULL,NULL),
(501,175,18,186,71,N'Gol',N'Gol kaydı.',GETDATE(),NULL,NULL),
(502,175,18,185,84,N'Gol',N'Gol kaydı.',GETDATE(),NULL,NULL),
(503,175,7,74,79,N'Gol',N'Gol kaydı.',GETDATE(),NULL,NULL),
(504,175,7,76,11,N'Gol',N'Gol kaydı.',GETDATE(),NULL,NULL),
(505,175,7,74,71,N'Sarı Kart',N'Sert müdahale.',GETDATE(),NULL,NULL),
(506,176,17,176,59,N'Gol',N'Gol kaydı.',GETDATE(),NULL,NULL),
(507,177,16,166,60,N'Gol',N'Gol kaydı.',GETDATE(),NULL,NULL),
(508,177,16,165,73,N'Gol',N'Gol kaydı.',GETDATE(),NULL,NULL),
(509,177,16,164,86,N'Gol',N'Gol kaydı.',GETDATE(),NULL,NULL),
(510,177,9,93,81,N'Gol',N'Gol kaydı.',GETDATE(),NULL,NULL),
(511,178,15,153,61,N'Gol',N'Gol kaydı.',GETDATE(),NULL,NULL),
(512,178,10,103,82,N'Gol',N'Gol kaydı.',GETDATE(),NULL,NULL),
(513,178,10,104,14,N'Gol',N'Gol kaydı.',GETDATE(),NULL,NULL),
(514,179,14,142,62,N'Gol',N'Gol kaydı.',GETDATE(),NULL,NULL),
(515,179,14,146,75,N'Gol',N'Gol kaydı.',GETDATE(),NULL,NULL),
(516,179,14,145,88,N'Gol',N'Gol kaydı.',GETDATE(),NULL,NULL),
(517,180,13,135,63,N'Gol',N'Gol kaydı.',GETDATE(),NULL,NULL),
(518,180,12,123,84,N'Gol',N'Gol kaydı.',GETDATE(),NULL,NULL),
(519,181,1,9,56,N'Gol',N'Gol kaydı.',GETDATE(),NULL,NULL),
(520,181,2,24,78,N'Gol',N'Gol kaydı.',GETDATE(),NULL,NULL),
(521,182,20,202,79,N'Gol',N'Gol kaydı.',GETDATE(),NULL,NULL),
(522,182,20,204,11,N'Gol',N'Gol kaydı.',GETDATE(),NULL,NULL),
(523,182,20,205,71,N'Sarı Kart',N'Sert müdahale.',GETDATE(),NULL,NULL),
(524,183,4,46,58,N'Gol',N'Gol kaydı.',GETDATE(),NULL,NULL),
(525,183,4,43,71,N'Gol',N'Gol kaydı.',GETDATE(),NULL,NULL),
(526,183,4,45,84,N'Gol',N'Gol kaydı.',GETDATE(),NULL,NULL),
(527,183,19,192,80,N'Gol',N'Gol kaydı.',GETDATE(),NULL,NULL),
(528,185,6,65,60,N'Gol',N'Gol kaydı.',GETDATE(),NULL,NULL),
(529,185,6,63,73,N'Gol',N'Gol kaydı.',GETDATE(),NULL,NULL),
(530,185,6,66,86,N'Gol',N'Gol kaydı.',GETDATE(),NULL,NULL),
(531,185,17,175,82,N'Gol',N'Gol kaydı.',GETDATE(),NULL,NULL),
(532,185,17,174,14,N'Gol',N'Gol kaydı.',GETDATE(),NULL,NULL),
(533,186,16,165,83,N'Gol',N'Gol kaydı.',GETDATE(),NULL,NULL),
(534,187,8,85,62,N'Gol',N'Gol kaydı.',GETDATE(),NULL,NULL),
(535,187,8,83,75,N'Gol',N'Gol kaydı.',GETDATE(),NULL,NULL),
(536,188,14,146,85,N'Gol',N'Gol kaydı.',GETDATE(),NULL,NULL),
(537,188,14,145,17,N'Gol',N'Gol kaydı.',GETDATE(),NULL,NULL),
(538,189,10,104,64,N'Gol',N'Gol kaydı.',GETDATE(),NULL,NULL),
(539,189,10,106,77,N'Gol',N'Gol kaydı.',GETDATE(),NULL,NULL),
(540,189,13,136,86,N'Gol',N'Gol kaydı.',GETDATE(),NULL,NULL),
(541,189,13,135,71,N'Sarı Kart',N'Sert müdahale.',GETDATE(),NULL,NULL),
(542,191,20,206,58,N'Gol',N'Gol kaydı.',GETDATE(),NULL,NULL),
(543,191,1,11,81,N'Gol',N'Gol kaydı.',GETDATE(),NULL,NULL),
(544,192,19,195,59,N'Gol',N'Gol kaydı.',GETDATE(),NULL,NULL),
(545,192,19,192,72,N'Gol',N'Gol kaydı.',GETDATE(),NULL,NULL),
(546,192,19,194,85,N'Gol',N'Gol kaydı.',GETDATE(),NULL,NULL),
(547,192,2,19,82,N'Gol',N'Gol kaydı.',GETDATE(),NULL,NULL),
(548,193,18,182,60,N'Gol',N'Gol kaydı.',GETDATE(),NULL,NULL),
(549,193,3,34,83,N'Gol',N'Gol kaydı.',GETDATE(),NULL,NULL),
(550,193,3,33,15,N'Gol',N'Gol kaydı.',GETDATE(),NULL,NULL),
(551,193,3,35,30,N'Gol',N'Gol kaydı.',GETDATE(),NULL,NULL),
(552,194,17,176,61,N'Gol',N'Gol kaydı.',GETDATE(),NULL,NULL),
(553,194,17,175,74,N'Gol',N'Gol kaydı.',GETDATE(),NULL,NULL),
(554,194,17,174,87,N'Gol',N'Gol kaydı.',GETDATE(),NULL,NULL),
(555,195,16,166,62,N'Gol',N'Gol kaydı.',GETDATE(),NULL,NULL),
(556,195,5,53,85,N'Gol',N'Gol kaydı.',GETDATE(),NULL,NULL),
(557,195,5,56,17,N'Gol',N'Gol kaydı.',GETDATE(),NULL,NULL),
(558,196,15,153,63,N'Gol',N'Gol kaydı.',GETDATE(),NULL,NULL),
(559,196,15,154,76,N'Gol',N'Gol kaydı.',GETDATE(),NULL,NULL),
(560,196,15,155,5,N'Gol',N'Gol kaydı.',GETDATE(),NULL,NULL),
(561,196,6,62,86,N'Gol',N'Gol kaydı.',GETDATE(),NULL,NULL),
(562,196,6,65,18,N'Gol',N'Gol kaydı.',GETDATE(),NULL,NULL),
(563,196,6,65,71,N'Sarı Kart',N'Sert müdahale.',GETDATE(),NULL,NULL),
(564,197,14,142,64,N'Gol',N'Gol kaydı.',GETDATE(),NULL,NULL),
(565,198,13,135,65,N'Gol',N'Gol kaydı.',GETDATE(),NULL,NULL),
(566,198,13,136,78,N'Gol',N'Gol kaydı.',GETDATE(),NULL,NULL),
(567,198,13,134,7,N'Gol',N'Gol kaydı.',GETDATE(),NULL,NULL),
(568,198,8,84,88,N'Gol',N'Gol kaydı.',GETDATE(),NULL,NULL),
(569,199,12,123,66,N'Gol',N'Gol kaydı.',GETDATE(),NULL,NULL),
(570,199,9,93,6,N'Gol',N'Gol kaydı.',GETDATE(),NULL,NULL),
(571,199,9,92,21,N'Gol',N'Gol kaydı.',GETDATE(),NULL,NULL),
(572,200,11,112,67,N'Gol',N'Gol kaydı.',GETDATE(),NULL,NULL),
(573,200,11,114,80,N'Gol',N'Gol kaydı.',GETDATE(),NULL,NULL),
(574,200,11,115,9,N'Gol',N'Gol kaydı.',GETDATE(),NULL,NULL),
(575,201,1,11,60,N'Gol',N'Gol kaydı.',GETDATE(),NULL,NULL),
(576,201,1,7,73,N'Gol',N'Gol kaydı.',GETDATE(),NULL,NULL),
(577,201,1,10,86,N'Gol',N'Gol kaydı.',GETDATE(),NULL,NULL),
(578,201,1,11,15,N'Gol',N'Gol kaydı.',GETDATE(),NULL,NULL),
(579,202,20,204,61,N'Gol',N'Gol kaydı.',GETDATE(),NULL,NULL),
(580,202,20,205,74,N'Gol',N'Gol kaydı.',GETDATE(),NULL,NULL),
(581,202,20,206,87,N'Gol',N'Gol kaydı.',GETDATE(),NULL,NULL),
(582,202,18,186,85,N'Gol',N'Gol kaydı.',GETDATE(),NULL,NULL),
(583,202,18,185,17,N'Gol',N'Gol kaydı.',GETDATE(),NULL,NULL),
(584,203,2,21,62,N'Gol',N'Gol kaydı.',GETDATE(),NULL,NULL),
(585,203,17,176,71,N'Sarı Kart',N'Sert müdahale.',GETDATE(),NULL,NULL),
(586,204,3,33,63,N'Gol',N'Gol kaydı.',GETDATE(),NULL,NULL),
(587,204,3,35,76,N'Gol',N'Gol kaydı.',GETDATE(),NULL,NULL),
(588,204,16,165,87,N'Gol',N'Gol kaydı.',GETDATE(),NULL,NULL),
(589,204,16,164,19,N'Gol',N'Gol kaydı.',GETDATE(),NULL,NULL),
(590,205,4,46,64,N'Gol',N'Gol kaydı.',GETDATE(),NULL,NULL),
(591,205,15,154,88,N'Gol',N'Gol kaydı.',GETDATE(),NULL,NULL),
(592,206,5,56,65,N'Gol',N'Gol kaydı.',GETDATE(),NULL,NULL),
(593,206,5,54,78,N'Gol',N'Gol kaydı.',GETDATE(),NULL,NULL),
(594,207,6,65,66,N'Gol',N'Gol kaydı.',GETDATE(),NULL,NULL),
(595,207,13,136,7,N'Gol',N'Gol kaydı.',GETDATE(),NULL,NULL),
(596,207,13,134,22,N'Gol',N'Gol kaydı.',GETDATE(),NULL,NULL),
(597,208,7,76,67,N'Gol',N'Gol kaydı.',GETDATE(),NULL,NULL),
(598,208,7,75,80,N'Gol',N'Gol kaydı.',GETDATE(),NULL,NULL),
(599,208,12,124,8,N'Gol',N'Gol kaydı.',GETDATE(),NULL,NULL),
(600,210,9,92,69,N'Gol',N'Gol kaydı.',GETDATE(),NULL,NULL),
(601,210,9,96,82,N'Gol',N'Gol kaydı.',GETDATE(),NULL,NULL),
(602,210,10,104,10,N'Gol',N'Gol kaydı.',GETDATE(),NULL,NULL),
(603,210,10,106,25,N'Gol',N'Gol kaydı.',GETDATE(),NULL,NULL),
(604,210,10,104,71,N'Sarı Kart',N'Sert müdahale.',GETDATE(),NULL,NULL),
(605,211,18,182,62,N'Gol',N'Gol kaydı.',GETDATE(),NULL,NULL),
(606,211,1,10,87,N'Gol',N'Gol kaydı.',GETDATE(),NULL,NULL),
(607,212,19,196,88,N'Gol',N'Gol kaydı.',GETDATE(),NULL,NULL),
(608,212,19,195,20,N'Gol',N'Gol kaydı.',GETDATE(),NULL,NULL),
(609,213,16,166,64,N'Gol',N'Gol kaydı.',GETDATE(),NULL,NULL),
(610,213,16,165,77,N'Gol',N'Gol kaydı.',GETDATE(),NULL,NULL),
(611,214,15,153,65,N'Gol',N'Gol kaydı.',GETDATE(),NULL,NULL),
(612,214,2,23,7,N'Gol',N'Gol kaydı.',GETDATE(),NULL,NULL),
(613,214,2,19,22,N'Gol',N'Gol kaydı.',GETDATE(),NULL,NULL),
(614,215,14,142,66,N'Gol',N'Gol kaydı.',GETDATE(),NULL,NULL),
(615,215,14,146,79,N'Gol',N'Gol kaydı.',GETDATE(),NULL,NULL),
(616,215,14,145,8,N'Gol',N'Gol kaydı.',GETDATE(),NULL,NULL),
(617,215,3,34,8,N'Gol',N'Gol kaydı.',GETDATE(),NULL,NULL),
(618,216,13,135,67,N'Gol',N'Gol kaydı.',GETDATE(),NULL,NULL),
(619,216,4,44,9,N'Gol',N'Gol kaydı.',GETDATE(),NULL,NULL),
(620,217,12,123,68,N'Gol',N'Gol kaydı.',GETDATE(),NULL,NULL),
(621,217,12,124,81,N'Gol',N'Gol kaydı.',GETDATE(),NULL,NULL),
(622,217,12,126,10,N'Gol',N'Gol kaydı.',GETDATE(),NULL,NULL),
(623,217,5,53,10,N'Gol',N'Gol kaydı.',GETDATE(),NULL,NULL),
(624,217,5,56,25,N'Gol',N'Gol kaydı.',GETDATE(),NULL,NULL),
(625,217,5,54,40,N'Gol',N'Gol kaydı.',GETDATE(),NULL,NULL),
(626,217,5,54,71,N'Sarı Kart',N'Sert müdahale.',GETDATE(),NULL,NULL),
(627,218,11,112,69,N'Gol',N'Gol kaydı.',GETDATE(),NULL,NULL),
(628,219,10,103,70,N'Gol',N'Gol kaydı.',GETDATE(),NULL,NULL),
(629,219,10,104,83,N'Gol',N'Gol kaydı.',GETDATE(),NULL,NULL),
(630,219,10,106,12,N'Gol',N'Gol kaydı.',GETDATE(),NULL,NULL),
(631,219,7,74,12,N'Gol',N'Gol kaydı.',GETDATE(),NULL,NULL),
(632,220,9,96,71,N'Gol',N'Gol kaydı.',GETDATE(),NULL,NULL),
(633,220,8,84,13,N'Gol',N'Gol kaydı.',GETDATE(),NULL,NULL),
(634,220,8,85,28,N'Gol',N'Gol kaydı.',GETDATE(),NULL,NULL),
(635,221,1,10,64,N'Gol',N'Gol kaydı.',GETDATE(),NULL,NULL),
(636,221,1,11,77,N'Gol',N'Gol kaydı.',GETDATE(),NULL,NULL),
(637,221,1,9,6,N'Gol',N'Gol kaydı.',GETDATE(),NULL,NULL),
(638,221,1,8,19,N'Gol',N'Gol kaydı.',GETDATE(),NULL,NULL),
(639,221,17,175,7,N'Gol',N'Gol kaydı.',GETDATE(),NULL,NULL),
(640,222,18,185,65,N'Gol',N'Gol kaydı.',GETDATE(),NULL,NULL),
(641,222,16,165,8,N'Gol',N'Gol kaydı.',GETDATE(),NULL,NULL),
(642,223,19,195,66,N'Gol',N'Gol kaydı.',GETDATE(),NULL,NULL),
(643,223,19,192,79,N'Gol',N'Gol kaydı.',GETDATE(),NULL,NULL),
(644,223,19,194,8,N'Gol',N'Gol kaydı.',GETDATE(),NULL,NULL),
(645,224,20,204,67,N'Gol',N'Gol kaydı.',GETDATE(),NULL,NULL),
(646,224,14,146,10,N'Gol',N'Gol kaydı.',GETDATE(),NULL,NULL),
(647,224,14,145,25,N'Gol',N'Gol kaydı.',GETDATE(),NULL,NULL),
(648,224,14,146,71,N'Sarı Kart',N'Sert müdahale.',GETDATE(),NULL,NULL),
(649,225,2,19,68,N'Gol',N'Gol kaydı.',GETDATE(),NULL,NULL),
(650,225,2,21,81,N'Gol',N'Gol kaydı.',GETDATE(),NULL,NULL),
(651,225,2,22,10,N'Gol',N'Gol kaydı.',GETDATE(),NULL,NULL),
(652,226,12,124,12,N'Gol',N'Gol kaydı.',GETDATE(),NULL,NULL),
(653,226,12,126,27,N'Gol',N'Gol kaydı.',GETDATE(),NULL,NULL),
(654,227,4,46,70,N'Gol',N'Gol kaydı.',GETDATE(),NULL,NULL),
(655,227,4,43,83,N'Gol',N'Gol kaydı.',GETDATE(),NULL,NULL),
(656,227,4,45,12,N'Gol',N'Gol kaydı.',GETDATE(),NULL,NULL),
(657,227,11,114,13,N'Gol',N'Gol kaydı.',GETDATE(),NULL,NULL),
(658,229,6,65,72,N'Gol',N'Gol kaydı.',GETDATE(),NULL,NULL),
(659,229,6,63,85,N'Gol',N'Gol kaydı.',GETDATE(),NULL,NULL),
(660,229,6,66,14,N'Gol',N'Gol kaydı.',GETDATE(),NULL,NULL),
(661,229,9,95,15,N'Gol',N'Gol kaydı.',GETDATE(),NULL,NULL),
(662,229,9,93,30,N'Gol',N'Gol kaydı.',GETDATE(),NULL,NULL),
(663,230,8,85,16,N'Gol',N'Gol kaydı.',GETDATE(),NULL,NULL),
(664,231,16,166,66,N'Gol',N'Gol kaydı.',GETDATE(),NULL,NULL),
(665,231,1,9,10,N'Gol',N'Gol kaydı.',GETDATE(),NULL,NULL),
(666,231,1,9,71,N'Sarı Kart',N'Sert müdahale.',GETDATE(),NULL,NULL),
(667,232,15,153,67,N'Gol',N'Gol kaydı.',GETDATE(),NULL,NULL),
(668,232,15,154,80,N'Gol',N'Gol kaydı.',GETDATE(),NULL,NULL),
(669,232,17,173,11,N'Gol',N'Gol kaydı.',GETDATE(),NULL,NULL),
(670,233,18,186,12,N'Gol',N'Gol kaydı.',GETDATE(),NULL,NULL),
(671,233,18,185,27,N'Gol',N'Gol kaydı.',GETDATE(),NULL,NULL),
(672,234,13,135,69,N'Gol',N'Gol kaydı.',GETDATE(),NULL,NULL),
(673,234,13,136,82,N'Gol',N'Gol kaydı.',GETDATE(),NULL,NULL),
(674,235,20,202,14,N'Gol',N'Gol kaydı.',GETDATE(),NULL,NULL),
(675,236,11,112,71,N'Gol',N'Gol kaydı.',GETDATE(),NULL,NULL),
(676,236,11,114,84,N'Gol',N'Gol kaydı.',GETDATE(),NULL,NULL),
(677,236,11,115,13,N'Gol',N'Gol kaydı.',GETDATE(),NULL,NULL),
(678,237,10,103,72,N'Gol',N'Gol kaydı.',GETDATE(),NULL,NULL),
(679,237,3,34,16,N'Gol',N'Gol kaydı.',GETDATE(),NULL,NULL),
(680,237,3,33,31,N'Gol',N'Gol kaydı.',GETDATE(),NULL,NULL),
(681,238,9,96,73,N'Gol',N'Gol kaydı.',GETDATE(),NULL,NULL),
(682,238,9,95,86,N'Gol',N'Gol kaydı.',GETDATE(),NULL,NULL),
(683,238,9,93,15,N'Gol',N'Gol kaydı.',GETDATE(),NULL,NULL),
(684,238,4,44,17,N'Gol',N'Gol kaydı.',GETDATE(),NULL,NULL),
(685,238,4,46,32,N'Gol',N'Gol kaydı.',GETDATE(),NULL,NULL),
(686,238,4,45,71,N'Sarı Kart',N'Sert müdahale.',GETDATE(),NULL,NULL),
(687,239,8,84,74,N'Gol',N'Gol kaydı.',GETDATE(),NULL,NULL),
(688,239,5,53,18,N'Gol',N'Gol kaydı.',GETDATE(),NULL,NULL),
(689,240,7,75,75,N'Gol',N'Gol kaydı.',GETDATE(),NULL,NULL),
(690,240,7,72,88,N'Gol',N'Gol kaydı.',GETDATE(),NULL,NULL),
(691,240,7,74,17,N'Gol',N'Gol kaydı.',GETDATE(),NULL,NULL),
(692,240,6,62,19,N'Gol',N'Gol kaydı.',GETDATE(),NULL,NULL),
(693,241,1,9,68,N'Gol',N'Gol kaydı.',GETDATE(),NULL,NULL),
(694,241,1,8,81,N'Gol',N'Gol kaydı.',GETDATE(),NULL,NULL),
(695,241,1,11,10,N'Gol',N'Gol kaydı.',GETDATE(),NULL,NULL),
(696,241,1,10,23,N'Gol',N'Gol kaydı.',GETDATE(),NULL,NULL),
(697,241,15,154,13,N'Gol',N'Gol kaydı.',GETDATE(),NULL,NULL),
(698,241,15,155,28,N'Gol',N'Gol kaydı.',GETDATE(),NULL,NULL),
(699,242,16,164,69,N'Gol',N'Gol kaydı.',GETDATE(),NULL,NULL),
(700,242,16,163,82,N'Gol',N'Gol kaydı.',GETDATE(),NULL,NULL),
(701,242,16,166,11,N'Gol',N'Gol kaydı.',GETDATE(),NULL,NULL),
(702,243,17,176,70,N'Gol',N'Gol kaydı.',GETDATE(),NULL,NULL),
(703,243,13,136,15,N'Gol',N'Gol kaydı.',GETDATE(),NULL,NULL),
(704,243,13,134,30,N'Gol',N'Gol kaydı.',GETDATE(),NULL,NULL),
(705,244,18,185,71,N'Gol',N'Gol kaydı.',GETDATE(),NULL,NULL),
(706,244,18,184,84,N'Gol',N'Gol kaydı.',GETDATE(),NULL,NULL),
(707,244,18,182,13,N'Gol',N'Gol kaydı.',GETDATE(),NULL,NULL),
(708,244,12,124,16,N'Gol',N'Gol kaydı.',GETDATE(),NULL,NULL),
(709,245,19,195,72,N'Gol',N'Gol kaydı.',GETDATE(),NULL,NULL),
(710,245,11,115,71,N'Sarı Kart',N'Sert müdahale.',GETDATE(),NULL,NULL),
(711,246,20,204,73,N'Gol',N'Gol kaydı.',GETDATE(),NULL,NULL),
(712,246,20,205,86,N'Gol',N'Gol kaydı.',GETDATE(),NULL,NULL),
(713,246,20,206,15,N'Gol',N'Gol kaydı.',GETDATE(),NULL,NULL),
(714,246,10,104,18,N'Gol',N'Gol kaydı.',GETDATE(),NULL,NULL),
(715,246,10,106,33,N'Gol',N'Gol kaydı.',GETDATE(),NULL,NULL),
(716,247,2,23,74,N'Gol',N'Gol kaydı.',GETDATE(),NULL,NULL),
(717,248,3,33,75,N'Gol',N'Gol kaydı.',GETDATE(),NULL,NULL),
(718,248,3,35,88,N'Gol',N'Gol kaydı.',GETDATE(),NULL,NULL),
(719,248,8,85,20,N'Gol',N'Gol kaydı.',GETDATE(),NULL,NULL),
(720,248,8,83,35,N'Gol',N'Gol kaydı.',GETDATE(),NULL,NULL),
(721,249,4,46,76,N'Gol',N'Gol kaydı.',GETDATE(),NULL,NULL),
(722,249,7,72,21,N'Gol',N'Gol kaydı.',GETDATE(),NULL,NULL),
(723,250,5,56,77,N'Gol',N'Gol kaydı.',GETDATE(),NULL,NULL),
(724,250,5,54,6,N'Gol',N'Gol kaydı.',GETDATE(),NULL,NULL),
(725,250,6,65,22,N'Gol',N'Gol kaydı.',GETDATE(),NULL,NULL),
(726,251,14,142,70,N'Gol',N'Gol kaydı.',GETDATE(),NULL,NULL),
(727,251,1,11,16,N'Gol',N'Gol kaydı.',GETDATE(),NULL,NULL),
(728,252,15,155,71,N'Sarı Kart',N'Sert müdahale.',GETDATE(),NULL,NULL),
(729,253,12,123,72,N'Gol',N'Gol kaydı.',GETDATE(),NULL,NULL),
(730,253,12,124,85,N'Gol',N'Gol kaydı.',GETDATE(),NULL,NULL),
(731,253,16,165,18,N'Gol',N'Gol kaydı.',GETDATE(),NULL,NULL),
(732,254,17,173,19,N'Gol',N'Gol kaydı.',GETDATE(),NULL,NULL),
(733,254,17,176,34,N'Gol',N'Gol kaydı.',GETDATE(),NULL,NULL),
(734,255,10,103,74,N'Gol',N'Gol kaydı.',GETDATE(),NULL,NULL),
(735,255,10,104,87,N'Gol',N'Gol kaydı.',GETDATE(),NULL,NULL),
(736,256,19,196,21,N'Gol',N'Gol kaydı.',GETDATE(),NULL,NULL),
(737,257,8,84,76,N'Gol',N'Gol kaydı.',GETDATE(),NULL,NULL),
(738,257,8,85,5,N'Gol',N'Gol kaydı.',GETDATE(),NULL,NULL),
(739,257,20,202,22,N'Gol',N'Gol kaydı.',GETDATE(),NULL,NULL),
(740,257,20,204,37,N'Gol',N'Gol kaydı.',GETDATE(),NULL,NULL),
(741,258,7,75,77,N'Gol',N'Gol kaydı.',GETDATE(),NULL,NULL),
(742,258,2,22,23,N'Gol',N'Gol kaydı.',GETDATE(),NULL,NULL),
(743,259,6,62,78,N'Gol',N'Gol kaydı.',GETDATE(),NULL,NULL),
(744,259,6,65,7,N'Gol',N'Gol kaydı.',GETDATE(),NULL,NULL),
(745,259,6,63,20,N'Gol',N'Gol kaydı.',GETDATE(),NULL,NULL),
(746,259,3,34,24,N'Gol',N'Gol kaydı.',GETDATE(),NULL,NULL),
(747,259,3,33,39,N'Gol',N'Gol kaydı.',GETDATE(),NULL,NULL),
(748,259,3,35,54,N'Gol',N'Gol kaydı.',GETDATE(),NULL,NULL),
(749,259,3,34,71,N'Sarı Kart',N'Sert müdahale.',GETDATE(),NULL,NULL),
(750,260,5,54,79,N'Gol',N'Gol kaydı.',GETDATE(),NULL,NULL),
(751,260,5,55,8,N'Gol',N'Gol kaydı.',GETDATE(),NULL,NULL),
(752,261,1,11,72,N'Gol',N'Gol kaydı.',GETDATE(),NULL,NULL),
(753,261,1,10,85,N'Gol',N'Gol kaydı.',GETDATE(),NULL,NULL),
(754,261,1,9,14,N'Gol',N'Gol kaydı.',GETDATE(),NULL,NULL),
(755,261,1,8,27,N'Gol',N'Gol kaydı.',GETDATE(),NULL,NULL),
(756,262,14,145,73,N'Gol',N'Gol kaydı.',GETDATE(),NULL,NULL),
(757,262,12,124,20,N'Gol',N'Gol kaydı.',GETDATE(),NULL,NULL),
(758,262,12,126,35,N'Gol',N'Gol kaydı.',GETDATE(),NULL,NULL),
(759,263,15,153,74,N'Gol',N'Gol kaydı.',GETDATE(),NULL,NULL),
(760,263,15,154,87,N'Gol',N'Gol kaydı.',GETDATE(),NULL,NULL),
(761,263,15,155,16,N'Gol',N'Gol kaydı.',GETDATE(),NULL,NULL),
(762,263,11,114,21,N'Gol',N'Gol kaydı.',GETDATE(),NULL,NULL),
(763,264,16,164,75,N'Gol',N'Gol kaydı.',GETDATE(),NULL,NULL),
(764,265,17,176,76,N'Gol',N'Gol kaydı.',GETDATE(),NULL,NULL),
(765,265,17,175,5,N'Gol',N'Gol kaydı.',GETDATE(),NULL,NULL),
(766,265,17,174,18,N'Gol',N'Gol kaydı.',GETDATE(),NULL,NULL),
(767,265,9,95,23,N'Gol',N'Gol kaydı.',GETDATE(),NULL,NULL),
(768,265,9,93,38,N'Gol',N'Gol kaydı.',GETDATE(),NULL,NULL),
(769,266,18,185,77,N'Gol',N'Gol kaydı.',GETDATE(),NULL,NULL),
(770,266,8,85,24,N'Gol',N'Gol kaydı.',GETDATE(),NULL,NULL),
(771,266,8,86,71,N'Sarı Kart',N'Sert müdahale.',GETDATE(),NULL,NULL),
(772,267,19,195,78,N'Gol',N'Gol kaydı.',GETDATE(),NULL,NULL),
(773,267,19,192,7,N'Gol',N'Gol kaydı.',GETDATE(),NULL,NULL),
(774,267,19,194,20,N'Gol',N'Gol kaydı.',GETDATE(),NULL,NULL),
(775,268,20,204,79,N'Gol',N'Gol kaydı.',GETDATE(),NULL,NULL),
(776,268,6,65,26,N'Gol',N'Gol kaydı.',GETDATE(),NULL,NULL),
(777,268,6,63,41,N'Gol',N'Gol kaydı.',GETDATE(),NULL,NULL),
(778,268,6,66,56,N'Gol',N'Gol kaydı.',GETDATE(),NULL,NULL),
(779,269,2,24,80,N'Gol',N'Gol kaydı.',GETDATE(),NULL,NULL),
(780,269,2,23,9,N'Gol',N'Gol kaydı.',GETDATE(),NULL,NULL),
(781,269,2,19,22,N'Gol',N'Gol kaydı.',GETDATE(),NULL,NULL),
(782,270,4,46,28,N'Gol',N'Gol kaydı.',GETDATE(),NULL,NULL),
(783,270,4,43,43,N'Gol',N'Gol kaydı.',GETDATE(),NULL,NULL),
(784,270,4,45,58,N'Gol',N'Gol kaydı.',GETDATE(),NULL,NULL),
(785,271,12,123,74,N'Gol',N'Gol kaydı.',GETDATE(),NULL,NULL),
(786,271,1,9,22,N'Gol',N'Gol kaydı.',GETDATE(),NULL,NULL),
(787,272,11,112,75,N'Gol',N'Gol kaydı.',GETDATE(),NULL,NULL),
(788,272,11,114,88,N'Gol',N'Gol kaydı.',GETDATE(),NULL,NULL),
(789,272,13,133,23,N'Gol',N'Gol kaydı.',GETDATE(),NULL,NULL),
(790,272,13,135,38,N'Gol',N'Gol kaydı.',GETDATE(),NULL,NULL),
(791,273,14,146,71,N'Sarı Kart',N'Sert müdahale.',GETDATE(),NULL,NULL),
(792,274,9,96,77,N'Gol',N'Gol kaydı.',GETDATE(),NULL,NULL),
(793,274,9,95,6,N'Gol',N'Gol kaydı.',GETDATE(),NULL,NULL),
(794,274,15,156,25,N'Gol',N'Gol kaydı.',GETDATE(),NULL,NULL),
(795,275,16,165,26,N'Gol',N'Gol kaydı.',GETDATE(),NULL,NULL),
(796,275,16,164,41,N'Gol',N'Gol kaydı.',GETDATE(),NULL,NULL),
(797,276,7,75,79,N'Gol',N'Gol kaydı.',GETDATE(),NULL,NULL),
(798,276,7,72,8,N'Gol',N'Gol kaydı.',GETDATE(),NULL,NULL),
(799,277,18,186,28,N'Gol',N'Gol kaydı.',GETDATE(),NULL,NULL),
(800,278,5,54,81,N'Gol',N'Gol kaydı.',GETDATE(),NULL,NULL),
(801,278,5,55,10,N'Gol',N'Gol kaydı.',GETDATE(),NULL,NULL),
(802,278,5,53,23,N'Gol',N'Gol kaydı.',GETDATE(),NULL,NULL),
(803,278,19,196,29,N'Gol',N'Gol kaydı.',GETDATE(),NULL,NULL),
(804,278,19,195,44,N'Gol',N'Gol kaydı.',GETDATE(),NULL,NULL),
(805,280,3,35,83,N'Gol',N'Gol kaydı.',GETDATE(),NULL,NULL),
(806,280,3,31,12,N'Gol',N'Gol kaydı.',GETDATE(),NULL,NULL),
(807,280,3,34,25,N'Gol',N'Gol kaydı.',GETDATE(),NULL,NULL),
(808,280,3,33,38,N'Gol',N'Gol kaydı.',GETDATE(),NULL,NULL),
(809,280,2,21,31,N'Gol',N'Gol kaydı.',GETDATE(),NULL,NULL),
(810,280,2,22,46,N'Gol',N'Gol kaydı.',GETDATE(),NULL,NULL),
(811,280,2,22,71,N'Sarı Kart',N'Sert müdahale.',GETDATE(),NULL,NULL),
(812,281,1,9,76,N'Gol',N'Gol kaydı.',GETDATE(),NULL,NULL),
(813,281,1,8,5,N'Gol',N'Gol kaydı.',GETDATE(),NULL,NULL),
(814,281,1,11,18,N'Gol',N'Gol kaydı.',GETDATE(),NULL,NULL),
(815,281,1,7,31,N'Gol',N'Gol kaydı.',GETDATE(),NULL,NULL),
(816,281,11,114,25,N'Gol',N'Gol kaydı.',GETDATE(),NULL,NULL),
(817,282,12,126,77,N'Gol',N'Gol kaydı.',GETDATE(),NULL,NULL),
(818,282,12,125,6,N'Gol',N'Gol kaydı.',GETDATE(),NULL,NULL),
(819,282,12,123,19,N'Gol',N'Gol kaydı.',GETDATE(),NULL,NULL),
(820,282,10,104,26,N'Gol',N'Gol kaydı.',GETDATE(),NULL,NULL),
(821,283,13,135,78,N'Gol',N'Gol kaydı.',GETDATE(),NULL,NULL),
(822,284,14,145,79,N'Gol',N'Gol kaydı.',GETDATE(),NULL,NULL),
(823,284,14,144,8,N'Gol',N'Gol kaydı.',GETDATE(),NULL,NULL),
(824,284,14,142,21,N'Gol',N'Gol kaydı.',GETDATE(),NULL,NULL),
(825,284,8,85,28,N'Gol',N'Gol kaydı.',GETDATE(),NULL,NULL),
(826,284,8,83,43,N'Gol',N'Gol kaydı.',GETDATE(),NULL,NULL),
(827,285,15,153,80,N'Gol',N'Gol kaydı.',GETDATE(),NULL,NULL),
(828,285,7,72,29,N'Gol',N'Gol kaydı.',GETDATE(),NULL,NULL),
(829,286,16,164,81,N'Gol',N'Gol kaydı.',GETDATE(),NULL,NULL),
(830,286,16,163,10,N'Gol',N'Gol kaydı.',GETDATE(),NULL,NULL),
(831,286,16,166,23,N'Gol',N'Gol kaydı.',GETDATE(),NULL,NULL),
(832,286,6,65,30,N'Gol',N'Gol kaydı.',GETDATE(),NULL,NULL),
(833,287,17,176,82,N'Gol',N'Gol kaydı.',GETDATE(),NULL,NULL),
(834,287,5,55,31,N'Gol',N'Gol kaydı.',GETDATE(),NULL,NULL),
(835,287,5,53,46,N'Gol',N'Gol kaydı.',GETDATE(),NULL,NULL),
(836,287,5,54,71,N'Sarı Kart',N'Sert müdahale.',GETDATE(),NULL,NULL),
(837,288,18,185,83,N'Gol',N'Gol kaydı.',GETDATE(),NULL,NULL),
(838,288,18,184,12,N'Gol',N'Gol kaydı.',GETDATE(),NULL,NULL),
(839,288,18,182,25,N'Gol',N'Gol kaydı.',GETDATE(),NULL,NULL),
(840,288,4,46,32,N'Gol',N'Gol kaydı.',GETDATE(),NULL,NULL),
(841,288,4,43,47,N'Gol',N'Gol kaydı.',GETDATE(),NULL,NULL),
(842,289,19,195,84,N'Gol',N'Gol kaydı.',GETDATE(),NULL,NULL),
(843,290,20,204,85,N'Gol',N'Gol kaydı.',GETDATE(),NULL,NULL),
(844,290,20,205,14,N'Gol',N'Gol kaydı.',GETDATE(),NULL,NULL),
(845,290,20,206,27,N'Gol',N'Gol kaydı.',GETDATE(),NULL,NULL),
(846,290,2,22,34,N'Gol',N'Gol kaydı.',GETDATE(),NULL,NULL),
(847,290,2,24,49,N'Gol',N'Gol kaydı.',GETDATE(),NULL,NULL),
(848,290,2,23,64,N'Gol',N'Gol kaydı.',GETDATE(),NULL,NULL),
(849,291,10,103,78,N'Gol',N'Gol kaydı.',GETDATE(),NULL,NULL),
(850,291,1,11,28,N'Gol',N'Gol kaydı.',GETDATE(),NULL,NULL),
(851,292,11,116,29,N'Gol',N'Gol kaydı.',GETDATE(),NULL,NULL),
(852,293,8,84,80,N'Gol',N'Gol kaydı.',GETDATE(),NULL,NULL),
(853,293,8,85,9,N'Gol',N'Gol kaydı.',GETDATE(),NULL,NULL),
(854,293,12,124,30,N'Gol',N'Gol kaydı.',GETDATE(),NULL,NULL),
(855,293,12,126,45,N'Gol',N'Gol kaydı.',GETDATE(),NULL,NULL),
(856,294,13,135,71,N'Sarı Kart',N'Sert müdahale.',GETDATE(),NULL,NULL),
(857,295,6,62,82,N'Gol',N'Gol kaydı.',GETDATE(),NULL,NULL),
(858,295,6,65,11,N'Gol',N'Gol kaydı.',GETDATE(),NULL,NULL),
(859,295,14,146,32,N'Gol',N'Gol kaydı.',GETDATE(),NULL,NULL),
(860,296,5,54,83,N'Gol',N'Gol kaydı.',GETDATE(),NULL,NULL),
(861,296,15,156,33,N'Gol',N'Gol kaydı.',GETDATE(),NULL,NULL),
(862,296,15,153,48,N'Gol',N'Gol kaydı.',GETDATE(),NULL,NULL),
(863,297,4,44,84,N'Gol',N'Gol kaydı.',GETDATE(),NULL,NULL),
(864,297,4,46,13,N'Gol',N'Gol kaydı.',GETDATE(),NULL,NULL),
(865,298,3,35,85,N'Gol',N'Gol kaydı.',GETDATE(),NULL,NULL),
(866,298,17,173,35,N'Gol',N'Gol kaydı.',GETDATE(),NULL,NULL),
(867,299,2,21,86,N'Gol',N'Gol kaydı.',GETDATE(),NULL,NULL),
(868,299,2,22,15,N'Gol',N'Gol kaydı.',GETDATE(),NULL,NULL),
(869,299,18,186,36,N'Gol',N'Gol kaydı.',GETDATE(),NULL,NULL),
(870,299,18,185,51,N'Gol',N'Gol kaydı.',GETDATE(),NULL,NULL),
(871,300,20,205,87,N'Gol',N'Gol kaydı.',GETDATE(),NULL,NULL),
(872,300,19,196,37,N'Gol',N'Gol kaydı.',GETDATE(),NULL,NULL),
(873,301,1,11,80,N'Gol',N'Gol kaydı.',GETDATE(),NULL,NULL),
(874,301,1,7,9,N'Gol',N'Gol kaydı.',GETDATE(),NULL,NULL),
(875,301,1,10,22,N'Gol',N'Gol kaydı.',GETDATE(),NULL,NULL),
(876,301,1,11,35,N'Gol',N'Gol kaydı.',GETDATE(),NULL,NULL),
(877,301,9,95,31,N'Gol',N'Gol kaydı.',GETDATE(),NULL,NULL),
(878,301,9,93,46,N'Gol',N'Gol kaydı.',GETDATE(),NULL,NULL),
(879,301,9,96,71,N'Sarı Kart',N'Sert müdahale.',GETDATE(),NULL,NULL),
(880,302,10,106,81,N'Gol',N'Gol kaydı.',GETDATE(),NULL,NULL),
(881,303,11,112,82,N'Gol',N'Gol kaydı.',GETDATE(),NULL,NULL),
(882,303,11,114,11,N'Gol',N'Gol kaydı.',GETDATE(),NULL,NULL),
(883,303,11,115,24,N'Gol',N'Gol kaydı.',GETDATE(),NULL,NULL),
(884,303,7,72,33,N'Gol',N'Gol kaydı.',GETDATE(),NULL,NULL),
(885,303,7,74,48,N'Gol',N'Gol kaydı.',GETDATE(),NULL,NULL),
(886,304,12,126,83,N'Gol',N'Gol kaydı.',GETDATE(),NULL,NULL),
(887,304,6,65,34,N'Gol',N'Gol kaydı.',GETDATE(),NULL,NULL),
(888,304,6,63,49,N'Gol',N'Gol kaydı.',GETDATE(),NULL,NULL),
(889,305,13,135,84,N'Gol',N'Gol kaydı.',GETDATE(),NULL,NULL),
(890,305,13,136,13,N'Gol',N'Gol kaydı.',GETDATE(),NULL,NULL),
(891,305,13,134,26,N'Gol',N'Gol kaydı.',GETDATE(),NULL,NULL),
(892,306,14,145,85,N'Gol',N'Gol kaydı.',GETDATE(),NULL,NULL),
(893,306,4,46,36,N'Gol',N'Gol kaydı.',GETDATE(),NULL,NULL),
(894,306,4,43,51,N'Gol',N'Gol kaydı.',GETDATE(),NULL,NULL),
(895,306,4,45,66,N'Gol',N'Gol kaydı.',GETDATE(),NULL,NULL),
(896,307,15,153,86,N'Gol',N'Gol kaydı.',GETDATE(),NULL,NULL),
(897,307,15,154,15,N'Gol',N'Gol kaydı.',GETDATE(),NULL,NULL),
(898,307,15,155,28,N'Gol',N'Gol kaydı.',GETDATE(),NULL,NULL),
(899,307,3,31,37,N'Gol',N'Gol kaydı.',GETDATE(),NULL,NULL),
(900,308,16,164,87,N'Gol',N'Gol kaydı.',GETDATE(),NULL,NULL),
(901,308,2,22,38,N'Gol',N'Gol kaydı.',GETDATE(),NULL,NULL),
(902,308,2,22,71,N'Sarı Kart',N'Sert müdahale.',GETDATE(),NULL,NULL),
(903,309,17,176,88,N'Gol',N'Gol kaydı.',GETDATE(),NULL,NULL),
(904,309,17,175,17,N'Gol',N'Gol kaydı.',GETDATE(),NULL,NULL),
(905,309,20,206,39,N'Gol',N'Gol kaydı.',GETDATE(),NULL,NULL),
(906,311,8,84,82,N'Gol',N'Gol kaydı.',GETDATE(),NULL,NULL),
(907,311,1,10,34,N'Gol',N'Gol kaydı.',GETDATE(),NULL,NULL),
(908,312,7,75,83,N'Gol',N'Gol kaydı.',GETDATE(),NULL,NULL),
(909,312,7,72,12,N'Gol',N'Gol kaydı.',GETDATE(),NULL,NULL),
(910,313,10,104,36,N'Gol',N'Gol kaydı.',GETDATE(),NULL,NULL),
(911,314,5,54,85,N'Gol',N'Gol kaydı.',GETDATE(),NULL,NULL),
(912,314,5,55,14,N'Gol',N'Gol kaydı.',GETDATE(),NULL,NULL),
(913,314,5,53,27,N'Gol',N'Gol kaydı.',GETDATE(),NULL,NULL),
(914,314,11,116,37,N'Gol',N'Gol kaydı.',GETDATE(),NULL,NULL),
(915,314,11,112,52,N'Gol',N'Gol kaydı.',GETDATE(),NULL,NULL),
(916,315,12,125,71,N'Sarı Kart',N'Sert müdahale.',GETDATE(),NULL,NULL),
(917,316,3,35,87,N'Gol',N'Gol kaydı.',GETDATE(),NULL,NULL),
(918,316,3,31,16,N'Gol',N'Gol kaydı.',GETDATE(),NULL,NULL),
(919,316,3,34,29,N'Gol',N'Gol kaydı.',GETDATE(),NULL,NULL),
(920,316,13,133,39,N'Gol',N'Gol kaydı.',GETDATE(),NULL,NULL),
(921,317,14,146,40,N'Gol',N'Gol kaydı.',GETDATE(),NULL,NULL),
(922,317,14,145,55,N'Gol',N'Gol kaydı.',GETDATE(),NULL,NULL),
(923,318,20,205,5,N'Gol',N'Gol kaydı.',GETDATE(),NULL,NULL),
(924,318,20,206,18,N'Gol',N'Gol kaydı.',GETDATE(),NULL,NULL),
(925,318,20,202,31,N'Gol',N'Gol kaydı.',GETDATE(),NULL,NULL),
(926,318,15,156,41,N'Gol',N'Gol kaydı.',GETDATE(),NULL,NULL),
(927,319,19,196,6,N'Gol',N'Gol kaydı.',GETDATE(),NULL,NULL),
(928,319,16,165,42,N'Gol',N'Gol kaydı.',GETDATE(),NULL,NULL),
(929,319,16,164,57,N'Gol',N'Gol kaydı.',GETDATE(),NULL,NULL),
(930,320,18,184,7,N'Gol',N'Gol kaydı.',GETDATE(),NULL,NULL),
(931,320,18,182,20,N'Gol',N'Gol kaydı.',GETDATE(),NULL,NULL),
(932,320,18,186,33,N'Gol',N'Gol kaydı.',GETDATE(),NULL,NULL),
(933,321,1,10,84,N'Gol',N'Gol kaydı.',GETDATE(),NULL,NULL),
(934,321,1,11,13,N'Gol',N'Gol kaydı.',GETDATE(),NULL,NULL),
(935,321,1,9,26,N'Gol',N'Gol kaydı.',GETDATE(),NULL,NULL),
(936,321,1,8,39,N'Gol',N'Gol kaydı.',GETDATE(),NULL,NULL),
(937,322,8,83,85,N'Gol',N'Gol kaydı.',GETDATE(),NULL,NULL),
(938,322,8,86,14,N'Gol',N'Gol kaydı.',GETDATE(),NULL,NULL),
(939,322,8,84,27,N'Gol',N'Gol kaydı.',GETDATE(),NULL,NULL),
(940,322,6,65,38,N'Gol',N'Gol kaydı.',GETDATE(),NULL,NULL),
(941,322,6,63,53,N'Gol',N'Gol kaydı.',GETDATE(),NULL,NULL),
(942,322,6,66,68,N'Gol',N'Gol kaydı.',GETDATE(),NULL,NULL),
(943,322,6,65,71,N'Sarı Kart',N'Sert müdahale.',GETDATE(),NULL,NULL),
(944,323,9,96,86,N'Gol',N'Gol kaydı.',GETDATE(),NULL,NULL),
(945,323,5,55,39,N'Gol',N'Gol kaydı.',GETDATE(),NULL,NULL),
(946,324,10,106,87,N'Gol',N'Gol kaydı.',GETDATE(),NULL,NULL),
(947,324,10,105,16,N'Gol',N'Gol kaydı.',GETDATE(),NULL,NULL),
(948,324,10,103,29,N'Gol',N'Gol kaydı.',GETDATE(),NULL,NULL),
(949,324,4,46,40,N'Gol',N'Gol kaydı.',GETDATE(),NULL,NULL),
(950,325,11,112,88,N'Gol',N'Gol kaydı.',GETDATE(),NULL,NULL),
(951,325,3,31,41,N'Gol',N'Gol kaydı.',GETDATE(),NULL,NULL),
(952,325,3,34,56,N'Gol',N'Gol kaydı.',GETDATE(),NULL,NULL),
(953,326,12,126,5,N'Gol',N'Gol kaydı.',GETDATE(),NULL,NULL),
(954,326,12,125,18,N'Gol',N'Gol kaydı.',GETDATE(),NULL,NULL),
(955,326,12,123,31,N'Gol',N'Gol kaydı.',GETDATE(),NULL,NULL),
(956,326,2,22,42,N'Gol',N'Gol kaydı.',GETDATE(),NULL,NULL),
(957,326,2,24,57,N'Gol',N'Gol kaydı.',GETDATE(),NULL,NULL),
(958,327,20,206,43,N'Gol',N'Gol kaydı.',GETDATE(),NULL,NULL),
(959,327,20,202,58,N'Gol',N'Gol kaydı.',GETDATE(),NULL,NULL),
(960,328,14,145,7,N'Gol',N'Gol kaydı.',GETDATE(),NULL,NULL),
(961,328,14,144,20,N'Gol',N'Gol kaydı.',GETDATE(),NULL,NULL),
(962,328,19,195,44,N'Gol',N'Gol kaydı.',GETDATE(),NULL,NULL),
(963,329,18,186,71,N'Sarı Kart',N'Sert müdahale.',GETDATE(),NULL,NULL),
(964,330,16,164,9,N'Gol',N'Gol kaydı.',GETDATE(),NULL,NULL),
(965,330,16,163,22,N'Gol',N'Gol kaydı.',GETDATE(),NULL,NULL),
(966,330,17,176,46,N'Gol',N'Gol kaydı.',GETDATE(),NULL,NULL),
(967,330,17,175,61,N'Gol',N'Gol kaydı.',GETDATE(),NULL,NULL),
(968,331,6,62,86,N'Gol',N'Gol kaydı.',GETDATE(),NULL,NULL),
(969,331,1,9,40,N'Gol',N'Gol kaydı.',GETDATE(),NULL,NULL),
(970,332,5,54,87,N'Gol',N'Gol kaydı.',GETDATE(),NULL,NULL),
(971,332,7,76,41,N'Gol',N'Gol kaydı.',GETDATE(),NULL,NULL),
(972,332,7,75,56,N'Gol',N'Gol kaydı.',GETDATE(),NULL,NULL),
(973,333,4,44,88,N'Gol',N'Gol kaydı.',GETDATE(),NULL,NULL),
(974,333,4,46,17,N'Gol',N'Gol kaydı.',GETDATE(),NULL,NULL),
(975,334,3,35,5,N'Gol',N'Gol kaydı.',GETDATE(),NULL,NULL),
(976,334,9,92,43,N'Gol',N'Gol kaydı.',GETDATE(),NULL,NULL),
(977,335,2,21,6,N'Gol',N'Gol kaydı.',GETDATE(),NULL,NULL),
(978,335,2,22,19,N'Gol',N'Gol kaydı.',GETDATE(),NULL,NULL),
(979,335,10,104,44,N'Gol',N'Gol kaydı.',GETDATE(),NULL,NULL),
(980,335,10,106,59,N'Gol',N'Gol kaydı.',GETDATE(),NULL,NULL),
(981,336,20,205,7,N'Gol',N'Gol kaydı.',GETDATE(),NULL,NULL),
(982,336,11,116,45,N'Gol',N'Gol kaydı.',GETDATE(),NULL,NULL),
(983,336,11,115,71,N'Sarı Kart',N'Sert müdahale.',GETDATE(),NULL,NULL),
(984,337,19,196,8,N'Gol',N'Gol kaydı.',GETDATE(),NULL,NULL),
(985,337,19,195,21,N'Gol',N'Gol kaydı.',GETDATE(),NULL,NULL),
(986,337,19,192,34,N'Gol',N'Gol kaydı.',GETDATE(),NULL,NULL),
(987,337,12,124,46,N'Gol',N'Gol kaydı.',GETDATE(),NULL,NULL),
(988,337,12,126,61,N'Gol',N'Gol kaydı.',GETDATE(),NULL,NULL),
(989,338,18,184,9,N'Gol',N'Gol kaydı.',GETDATE(),NULL,NULL),
(990,339,17,173,10,N'Gol',N'Gol kaydı.',GETDATE(),NULL,NULL),
(991,339,17,176,23,N'Gol',N'Gol kaydı.',GETDATE(),NULL,NULL),
(992,339,17,175,36,N'Gol',N'Gol kaydı.',GETDATE(),NULL,NULL),
(993,339,14,146,48,N'Gol',N'Gol kaydı.',GETDATE(),NULL,NULL),
(994,340,16,163,11,N'Gol',N'Gol kaydı.',GETDATE(),NULL,NULL),
(995,340,15,156,49,N'Gol',N'Gol kaydı.',GETDATE(),NULL,NULL),
(996,340,15,153,64,N'Gol',N'Gol kaydı.',GETDATE(),NULL,NULL);
SET IDENTITY_INSERT MatchEvents OFF;
GO

-- Canli mac senaryosu: 34. haftada birkac mac devam ediyor gibi gorunsun.
UPDATE Matches SET LiveMinute = NULL WHERE SeasonId = 4;
UPDATE Matches SET Status = N'Canlı', LiveMinute = 62, HomeScore = 1, AwayScore = 1 WHERE LeagueMatchId = 331;
UPDATE Matches SET Status = N'Canlı', LiveMinute = 71, HomeScore = 0, AwayScore = 2 WHERE LeagueMatchId = 332;
UPDATE Matches SET Status = N'Canlı', LiveMinute = 78, HomeScore = 2, AwayScore = 1 WHERE LeagueMatchId = 333;

-- Kontrol sorguları:
-- SELECT WeekNumber, COUNT(*) AS MatchCount FROM Matches WHERE SeasonId = 4 GROUP BY WeekNumber ORDER BY WeekNumber;
-- SELECT TeamId, COUNT(*) AS Played FROM (SELECT HomeTeamId AS TeamId FROM Matches WHERE SeasonId = 4 AND Status = N'Tamamlandı' UNION ALL SELECT AwayTeamId FROM Matches WHERE SeasonId = 4 AND Status = N'Tamamlandı') x GROUP BY TeamId ORDER BY TeamId;
-- SELECT TOP 10 p.Name, COUNT(*) AS Goals FROM MatchEvents e JOIN Players p ON p.PlayerId = e.PlayerId JOIN Matches m ON m.LeagueMatchId = e.LeagueMatchId WHERE m.SeasonId = 4 AND e.EventType = N'Gol' GROUP BY p.Name ORDER BY Goals DESC;

